member_id,tier,enrollment_date,tenure_days,primary_hub,days_since_last_booking,bookings_last_90d,bookings_last_180d,bookings_last_365d,total_bookings_lifetime,avg_fare,total_spend_lifetime,fare_class_most_common,pct_discount_fares,unique_routes_lifetime,route_diversity_score,pct_bookings_summer,pct_bookings_holiday,points_balance,points_earned_last_90d,points_earning_velocity,redemption_gap_days,points_redeemed_last_365d,points_expiring_soon,complaints_last_365d,support_tickets_open,avg_support_csat,promos_sent_last_180d,promos_redeemed_last_180d,promo_response_rate,app_logins_last_90d,email_open_rate,recency_score,frequency_score,monetary_score,rfm_score,churn_label
TB000001,Blue,2026-01-02,234,MCO,23,0,3,6,6,276.27,1424.78,Blue Basic,0.291,7,1.0,0.31,0.028,6368,2683,29.81,69,13375,0,0,0,4.73,7,2,0.3,16,0.353,97.4,72,14.2,61.2,0
TB000002,Blue,2018-07-07,2970,MCO,158,0,1,1,18,334.19,6109.33,Blue Extra,0.019,3,0.167,0.34,0.126,15870,3837,42.63,10,9245,0,1,0,3.38,4,1,0.353,18,0.423,82.4,12,61.1,51.8,1
TB000003,Blue,2022-09-23,1431,SJU,130,0,0,5,6,221.62,1259.62,Blue Extra,0.557,5,0.833,0.314,0.167,16141,276,3.07,358,6045,0,2,0,3.01,5,2,0.432,17,0.011,85.6,60,12.6,52.7,1
TB000004,Blue,2017-08-10,3301,BOS,47,3,3,3,4,153.53,551.48,Blue,0.228,1,0.25,0.036,0.111,4584,0,0.0,548,0,1,1,0,3.27,7,0,0.0,5,0.133,94.8,36,5.5,45.4,1
TB000005,Blue,2022-07-23,1493,SJU,187,1,3,3,8,330.04,2372.23,Mint,0.582,2,0.25,0.292,0.153,0,4816,53.51,423,5473,0,1,0,4.35,7,3,0.482,0,0.211,79.2,36,23.7,46.3,1
TB000006,Blue,2022-11-11,1382,BOS,93,3,4,7,10,250.56,2364.07,Mint,0.18,3,0.3,0.412,0.189,7329,3457,38.41,59,6453,0,1,0,3.65,10,4,0.35,7,0.343,89.7,84,23.6,65.8,0
TB000007,Blue Plus,2023-08-07,1113,JFK,129,0,1,4,5,318.76,1669.82,Blue,0.011,7,1.0,0.19,0.0,17419,2855,31.72,84,9694,0,0,0,4.66,8,2,0.196,14,0.361,85.7,48,16.7,50.1,1
TB000008,Blue,2024-05-14,832,JFK,36,4,9,11,17,370.55,6272.21,Blue Basic,0.158,8,0.471,0.469,0.151,28420,2328,25.87,10,8800,0,0,0,4.62,3,1,0.471,20,0.61,96.0,100,62.7,86.2,0
TB000009,Blue,2025-03-13,529,MCO,136,1,1,2,10,428.35,3743.92,Blue Basic,0.082,3,0.3,0.115,0.258,5086,1084,12.04,8,14229,0,1,0,3.3,7,2,0.245,4,0.344,84.9,24,37.4,48.8,0
TB000010,Blue,2016-04-23,3775,MCO,15,2,2,5,14,263.33,3369.37,Blue Basic,0.575,2,0.143,0.302,0.184,14420,0,0.0,262,13289,0,1,1,3.51,4,0,0.0,0,0.309,98.3,60,33.7,64.0,0
TB000011,Blue Plus,2023-01-29,1303,LAX,176,3,5,9,12,381.72,5137.65,Blue Extra,0.391,6,0.5,0.454,0.17,24445,5177,57.52,33,0,0,1,0,4.89,9,3,0.32,7,0.522,80.4,100,51.4,77.3,0
TB000012,Blue,2016-12-04,3550,JFK,252,2,4,4,20,309.43,5723.58,Blue Basic,0.304,2,0.1,0.547,0.128,18430,1952,21.69,26,9547,0,0,0,4.29,6,4,0.73,7,0.245,72.0,48,57.2,59.1,0
TB000013,Blue,2020-12-31,2062,JFK,19,3,6,6,13,399.65,5133.58,Blue,0.305,3,0.231,0.285,0.082,11147,2322,25.8,339,1793,0,2,0,3.8,4,3,0.706,12,0.313,97.9,72,51.3,73.7,1
TB000014,Blue,2025-09-15,343,MCO,120,3,4,8,8,342.38,2801.97,Blue Basic,0.234,6,0.75,0.32,0.173,12604,1498,16.64,47,14617,0,0,0,4.39,7,2,0.284,19,0.444,86.7,96,28.0,70.2,0
TB000015,Blue,2018-01-23,3135,BOS,216,0,0,3,12,248.76,2922.33,Blue,0.209,2,0.167,0.285,0.065,12807,0,0.0,406,1087,0,0,0,4.37,5,2,0.327,4,0.121,76.0,36,29.2,47.1,1
TB000016,Blue Plus,2025-07-12,408,JFK,231,3,6,8,8,296.3,2510.03,Blue,0.259,8,1.0,0.536,0.051,21721,590,6.56,41,10997,0,0,0,4.0,6,3,0.484,11,0.525,74.3,96,25.1,65.1,0
TB000017,Blue,2019-06-13,2629,MCO,18,2,4,4,21,333.88,7846.99,Blue Extra,0.085,8,0.381,0.402,0.096,20195,1799,19.99,8,3181,0,0,0,4.54,7,5,0.664,17,0.686,98.0,48,78.5,74.8,0
TB000018,Blue Plus,2021-10-07,1782,JFK,42,3,4,7,7,437.35,3138.67,Blue,0.376,4,0.571,0.066,0.178,15485,4520,50.22,168,14449,0,0,0,4.43,2,1,0.717,12,0.512,95.3,84,31.4,70.2,0
TB000019,Blue,2017-06-30,3342,FLL,449,0,3,4,18,239.64,4524.45,Blue Basic,0.008,6,0.333,0.461,0.174,12363,2950,32.78,345,0,0,2,0,3.4,6,3,0.531,10,0.449,50.1,48,45.2,47.8,1
TB000020,Blue,2025-08-30,359,FLL,33,0,2,3,9,368.19,3377.3,Blue Basic,0.185,2,0.222,0.107,0.023,10438,0,0.0,36,3843,0,2,0,2.19,3,0,0.002,24,0.426,96.3,36,33.8,55.4,0
TB000021,Blue,2021-02-12,2019,SJU,97,3,4,6,24,366.27,8387.53,Blue,0.093,9,0.375,0.475,0.157,11040,3230,35.89,32,15911,0,0,0,4.64,7,2,0.25,16,0.291,89.2,72,83.9,81.7,0
TB000022,Blue,2016-02-20,3838,JFK,83,1,3,3,15,283.28,3922.69,Blue,0.211,1,0.067,0.244,0.153,1063,731,8.12,107,634,0,3,0,2.17,5,1,0.16,9,0.0,90.8,36,39.2,55.3,1
TB000023,Blue Plus,2015-11-20,3930,SJU,280,0,2,4,12,236.21,2903.87,Blue,0.124,4,0.333,0.271,0.221,9586,2674,29.71,307,1720,0,2,0,3.24,4,1,0.272,3,0.096,68.9,48,29.0,48.6,1
TB000024,Blue,2024-04-23,853,BOS,55,1,1,5,9,336.95,2627.27,Blue Basic,0.453,4,0.444,0.365,0.158,12343,3961,44.01,70,12317,0,0,0,4.63,5,3,0.606,16,0.207,93.9,60,26.3,60.1,0
TB000025,Blue Plus,2019-10-01,2519,JFK,62,2,2,5,10,288.47,2781.18,Blue Extra,0.17,9,0.9,0.293,0.255,8582,1278,14.2,309,10832,0,1,0,4.16,7,4,0.501,16,0.305,93.1,60,27.8,60.3,0
TB000026,Blue Plus,2021-05-16,1926,MCO,273,2,4,6,11,418.13,4723.32,Blue Extra,0.284,6,0.545,0.193,0.01,14094,1594,17.71,34,3687,0,2,0,3.52,7,2,0.244,0,0.546,69.7,72,47.2,63.0,1
TB000027,Blue,2024-10-05,688,LAX,375,0,0,0,1,295.88,327.88,Blue,0.585,3,1.0,0.169,0.087,9114,2044,22.71,222,0,0,5,0,3.61,1,0,0.0,3,0.087,58.3,0,3.3,20.5,1
TB000028,Blue Plus,2017-05-01,3402,JFK,425,0,2,2,8,321.88,2438.52,Mint,0.115,6,0.75,0.268,0.066,9371,2526,28.07,89,7282,0,0,0,4.52,4,0,0.0,5,0.153,52.8,24,24.4,33.7,1
TB000029,Blue Plus,2021-03-13,1990,LAX,1,0,0,2,9,286.41,2923.41,Blue,0.458,9,1.0,0.254,0.146,21472,0,0.0,53,1554,0,0,0,4.92,4,3,0.648,0,0.334,99.9,24,29.2,51.0,0
TB000030,Blue,2015-03-06,4189,JFK,201,1,3,3,10,199.17,1959.76,Blue,0.142,8,0.8,0.248,0.17,15709,4067,45.19,178,7646,0,2,1,3.49,2,1,0.403,3,0.208,77.7,36,19.6,44.4,0
TB000031,Blue,2015-06-16,4087,FLL,393,1,2,4,20,306.14,6876.72,Blue Basic,0.436,9,0.45,0.537,0.213,13360,4455,49.5,80,12808,0,1,0,2.02,4,0,0.114,1,0.236,56.3,48,68.8,57.7,1
TB000032,Blue,2021-04-19,1953,JFK,900,0,0,0,7,266.16,2071.37,Blue,0.213,1,0.143,0.332,0.174,2500,1822,20.24,101,0,0,2,1,3.39,8,0,0.0,11,0.0,0,0,20.7,6.9,1
TB000033,Blue Plus,2020-11-13,2110,LAX,533,1,1,2,3,237.29,806.95,Mint,0.19,8,1.0,0.252,0.168,20124,1007,11.19,35,0,0,2,0,3.09,5,1,0.272,0,0.51,40.8,24,8.1,24.3,1
TB000034,Blue,2025-06-19,431,FLL,89,1,5,5,8,485.11,3553.73,Blue Basic,0.214,10,1.0,0.17,0.025,14371,2124,23.6,40,2249,0,0,0,4.78,6,3,0.538,13,0.671,90.1,60,35.5,61.9,0
TB000035,Blue,2014-08-29,4378,MCO,38,1,4,4,16,246.92,4389.72,Blue Extra,0.239,4,0.25,0.473,0.051,24825,733,8.14,473,0,1,2,0,2.22,6,1,0.086,0,0.399,95.8,48,43.9,62.6,0
TB000036,Blue Plus,2021-04-27,1945,JFK,652,1,1,4,4,179.55,710.5,Blue Extra,0.26,3,0.75,0.446,0.127,5909,1109,12.32,669,8038,0,2,0,3.85,5,1,0.179,1,0.16,27.6,48,7.1,27.6,1
TB000037,Blue,2017-05-30,3373,JFK,115,1,3,7,21,399.06,9589.35,Blue,0.415,4,0.19,0.288,0.181,23449,4604,51.16,81,4375,0,0,0,4.43,5,2,0.477,8,0.592,87.2,84,95.9,89.0,0
TB000038,Mosaic,2021-12-01,1727,BOS,52,0,1,1,1,242.33,277.52,Mint,0.029,3,1.0,0.335,0.134,20673,1674,18.6,72,3235,0,1,1,3.27,3,1,0.239,0,0.306,94.2,12,2.8,36.3,0
TB000039,Blue Plus,2015-04-07,4157,BOS,138,3,6,6,20,418.18,7187.22,Mint,0.334,4,0.2,0.087,0.161,16876,2764,30.71,136,12945,0,0,0,4.16,4,1,0.133,37,0.279,84.7,72,71.9,76.2,0
TB000040,Blue,2024-05-04,842,BOS,154,1,3,3,9,260.66,2619.07,Blue,0.333,3,0.333,0.31,0.214,12287,5755,63.94,228,4405,0,0,0,4.87,7,2,0.343,3,0.407,82.9,36,26.2,48.4,0
TB000041,Blue,2019-03-04,2730,FLL,397,0,2,2,9,263.91,2223.86,Blue,0.428,5,0.556,0.303,0.103,19407,3313,36.81,118,5733,0,0,0,4.77,2,1,0.62,6,0.122,55.9,24,22.2,34.0,1
TB000042,Mosaic,2020-07-26,2220,BOS,30,3,6,8,21,429.53,9445.91,Blue Basic,0.178,2,0.095,0.348,0.094,14148,4148,46.09,14,10112,0,0,0,4.35,5,4,0.709,21,0.432,96.7,96,94.5,95.7,0
TB000043,Blue Plus,2017-01-20,3503,JFK,65,1,1,1,4,284.7,1199.78,Blue,0.27,3,0.75,0.39,0.147,13801,4802,53.36,404,5013,1,0,0,4.08,6,2,0.398,14,0.283,92.8,12,12.0,38.9,1
TB000044,Blue,2018-08-15,2931,JFK,1,4,9,12,32,339.51,11103.55,Blue Extra,0.136,8,0.25,0.422,0.14,25262,2951,32.79,36,7811,0,0,0,4.84,7,4,0.533,21,0.769,99.9,100,100,100.0,0
TB000045,Blue Plus,2022-10-17,1407,FLL,23,3,6,12,12,513.81,6434.75,Blue Basic,0.297,8,0.667,0.188,0.069,16365,2597,28.86,65,1520,0,0,0,4.53,3,2,0.808,14,0.442,97.4,100,64.3,87.2,0
TB000046,Blue,2019-06-23,2619,BOS,80,2,3,6,20,337.74,6370.6,Blue,0.525,6,0.3,0.147,0.0,19866,3199,35.54,91,0,0,0,0,4.49,5,3,0.582,6,0.46,91.1,72,63.7,75.6,0
TB000047,Blue,2025-03-06,536,SJU,518,1,1,1,1,191.95,203.91,Mint,0.129,2,1.0,0.282,0.197,1151,1143,12.7,349,3500,0,0,0,4.66,6,0,0.0,0,0.078,42.4,12,2.0,18.8,1
TB000048,Blue,2023-03-12,1261,SJU,31,2,2,7,8,207.89,1710.54,Mint,0.239,6,0.75,0.419,0.04,14449,0,0.0,319,0,0,1,0,2.85,7,2,0.29,12,0.425,96.6,84,17.1,65.9,0
TB000049,Blue Plus,2023-06-25,1156,FLL,139,3,3,5,9,275.72,2602.03,Blue Extra,0.086,4,0.444,0.469,0.279,16959,0,0.0,22,3508,0,0,0,4.37,4,1,0.307,17,0.471,84.6,60,26.0,56.9,0
TB000050,Blue,2019-08-16,2565,FLL,62,2,5,10,19,367.41,7545.06,Blue Extra,0.047,7,0.368,0.438,0.019,21602,4291,47.68,39,17098,0,0,0,5.0,8,5,0.684,14,0.598,93.1,100,75.5,89.5,0
TB000051,Blue,2023-04-05,1237,MCO,335,1,3,3,11,286.48,3053.39,Blue,0.213,6,0.545,0.623,0.183,17672,271,3.01,295,10443,0,1,0,3.48,4,1,0.302,3,0.443,62.8,36,30.5,43.1,1
TB000052,Blue Plus,2023-03-19,1254,BOS,180,0,1,2,3,256.29,750.38,Blue Extra,0.24,3,1.0,0.332,0.142,3542,822,9.13,50,0,0,2,0,2.2,7,4,0.625,16,0.363,80.0,24,7.5,37.2,1
TB000053,Blue,2015-03-07,4188,SJU,143,0,0,0,7,260.27,1979.59,Blue,0.28,1,0.143,0.425,0.205,4185,2931,32.57,539,0,1,0,0,4.59,6,1,0.088,0,0.321,84.1,0,19.8,34.6,1
TB000054,Blue,2025-08-16,373,LAX,91,2,3,3,10,301.76,2823.97,Blue Extra,0.49,5,0.5,0.432,0.204,18559,40,0.44,550,0,1,2,0,4.15,4,2,0.38,0,0.484,89.9,36,28.2,51.4,1
TB000055,Blue,2019-12-23,2436,JFK,181,1,1,5,5,332.38,1587.89,Blue Basic,0.37,3,0.6,0.298,0.371,13831,1579,17.54,231,0,0,2,0,3.83,5,0,0.031,1,0.383,79.9,60,15.9,51.9,1
TB000056,Blue,2018-05-08,3030,LAX,9,2,3,5,5,261.06,1139.61,Blue Basic,0.239,4,0.8,0.35,0.189,5680,0,0.0,180,0,0,1,0,1.0,8,0,0.0,20,0.058,99.0,60,11.4,56.8,0
TB000057,Blue,2016-06-04,3733,FLL,587,3,6,6,28,334.1,9942.86,Blue,0.208,8,0.286,0.285,0.0,8105,542,6.02,96,11721,0,1,1,3.84,5,1,0.26,12,0.517,34.8,72,99.4,68.7,1
TB000058,Blue,2024-08-18,736,SJU,108,2,2,4,4,394.05,1399.03,Blue,0.383,7,1.0,0.506,0.259,8134,2099,23.32,171,14256,0,1,0,4.29,3,1,0.429,20,0.578,88.0,48,14.0,50.0,0
TB000059,Blue,2014-12-05,4280,FLL,11,1,2,2,27,421.1,11483.89,Blue,0.385,11,0.407,0.43,0.249,22424,2475,27.5,147,22764,0,0,0,5.0,8,5,0.58,12,0.61,98.8,24,100,74.3,0
TB000060,Blue,2025-11-19,278,BOS,89,0,2,2,4,137.88,518.0,Blue Basic,0.47,3,0.75,0.243,0.166,14373,3037,33.74,134,7893,0,1,0,3.05,3,1,0.236,7,0.277,90.1,24,5.2,39.8,1
TB000061,Blue Plus,2025-06-06,444,BOS,137,2,3,8,11,354.53,3990.72,Blue,0.276,3,0.273,0.247,0.151,27135,2584,28.71,137,11146,0,0,0,4.42,6,0,0.0,12,0.278,84.8,96,39.9,73.6,0
TB000062,Blue,2024-02-26,910,LAX,384,1,1,1,1,243.35,221.06,Blue,0.497,3,1.0,0.426,0.051,2796,0,0.0,40,0,0,4,0,2.56,6,0,0.0,0,0.135,57.3,12,2.2,23.8,1
TB000063,Blue,2015-12-10,3910,BOS,441,1,4,8,14,324.47,4701.34,Blue Extra,0.14,3,0.214,0.324,0.085,12444,114,1.27,298,12788,0,1,0,3.15,2,1,0.469,9,0.532,51.0,96,47.0,64.7,1
TB000064,Blue,2021-06-17,1894,JFK,32,0,0,0,6,259.47,1641.23,Blue Basic,0.345,4,0.667,0.233,0.18,7902,2244,24.93,162,708,0,0,0,4.87,3,1,0.228,0,0.0,96.4,0,16.4,37.6,0
TB000065,Blue,2018-02-11,3116,MCO,420,2,2,5,14,192.83,2815.68,Blue,0.201,4,0.286,0.332,0.216,27247,183,2.03,345,3310,0,0,0,4.04,6,0,0.0,2,0.298,53.3,60,28.2,47.2,1
TB000066,Blue,2018-01-18,3140,MCO,40,1,2,3,28,383.78,9388.74,Mint,0.099,3,0.107,0.394,0.245,23682,1674,18.6,19,3021,0,0,0,4.53,8,1,0.169,12,0.608,95.6,36,93.9,75.2,0
TB000067,Blue,2024-04-23,853,LAX,574,0,2,3,3,187.08,557.15,Blue,0.281,3,1.0,0.191,0.011,18029,2770,30.78,178,3546,0,0,0,4.71,5,2,0.388,6,0.771,36.2,36,5.6,25.9,1
TB000068,Blue,2015-06-15,4088,BOS,219,3,4,6,20,414.42,9353.76,Blue,0.037,7,0.35,0.399,0.122,9891,2460,27.33,240,3821,0,2,0,3.74,5,2,0.34,19,0.397,75.7,72,93.5,80.4,1
TB000069,Blue,2017-06-21,3351,SJU,10,0,1,1,16,372.8,5513.95,Blue Basic,0.269,9,0.562,0.288,0.271,23064,2571,28.57,181,11062,0,0,0,4.36,7,0,0.0,13,0.392,98.9,12,55.1,55.3,0
TB000070,Blue Plus,2019-12-13,2446,MCO,506,2,2,3,15,292.77,4657.6,Blue Extra,0.283,1,0.067,0.363,0.03,3264,364,4.04,162,775,0,0,0,4.67,5,3,0.524,0,0.397,43.8,36,46.6,42.1,1
TB000071,Blue Plus,2014-11-23,4292,LAX,291,1,1,2,7,252.24,1570.72,Blue,0.129,2,0.286,0.33,0.071,12487,0,0.0,268,8861,0,1,1,4.78,5,3,0.601,13,0.364,67.7,24,15.7,35.8,1
TB000072,Blue,2017-02-19,3473,JFK,158,2,3,3,17,294.13,5562.06,Blue Basic,0.371,2,0.118,0.16,0.127,6767,749,8.32,8,0,0,3,0,1.69,5,1,0.11,10,0.092,82.4,36,55.6,58.0,1
TB000073,Blue,2024-01-13,954,MCO,44,3,8,9,13,402.52,5380.24,Blue,0.07,3,0.231,0.343,0.069,18059,4229,46.99,131,17579,0,0,0,4.32,9,5,0.526,11,0.367,95.1,100,53.8,83.0,0
TB000074,Blue Plus,2019-10-18,2502,JFK,14,0,1,4,11,371.98,4380.51,Blue Basic,0.117,5,0.455,0.632,0.117,14003,1181,13.12,11,9049,0,0,0,4.02,8,2,0.216,22,0.526,98.4,48,43.8,63.4,0
TB000075,Blue,2025-04-09,502,MCO,260,0,0,1,3,262.86,888.47,Blue Extra,0.551,3,1.0,0.461,0.175,2652,0,0.0,32,2688,0,0,0,4.37,4,0,0.111,16,0.0,71.1,12,8.9,30.7,1
TB000076,Blue Plus,2022-04-21,1586,SJU,687,2,2,4,8,324.94,2923.26,Blue,0.258,4,0.5,0.309,0.221,20550,1571,17.46,197,7504,0,0,0,4.38,7,3,0.439,17,0.636,23.7,48,29.2,33.6,0
TB000077,Mosaic,2017-03-14,3450,BOS,24,3,3,4,7,300.82,2003.13,Blue Extra,0.0,6,0.857,0.161,0.182,13332,3297,36.63,101,14113,0,2,0,4.65,5,2,0.494,12,0.484,97.3,48,20.0,55.1,0
TB000078,Mosaic,2023-06-25,1156,JFK,61,1,5,7,7,437.43,3215.19,Blue,0.042,7,1.0,0.229,0.133,27044,3400,37.78,53,9176,0,1,0,2.55,8,6,0.732,34,0.435,93.2,84,32.2,69.8,0
TB000079,Blue,2020-11-26,2097,JFK,66,1,1,4,4,245.78,902.27,Blue,0.382,3,0.75,0.448,0.193,11499,2034,22.6,1,10891,0,1,0,3.84,3,1,0.433,9,0.352,92.7,48,9.0,49.9,0
TB000080,Blue Plus,2015-11-25,3925,JFK,170,4,5,9,19,274.88,5771.78,Blue Basic,0.286,6,0.316,0.441,0.121,5482,1253,13.92,378,3587,0,0,0,4.01,8,3,0.422,0,0.585,81.1,100,57.7,79.6,1
TB000081,Blue Plus,2024-05-16,830,SJU,107,1,1,1,1,288.55,247.83,Blue Basic,0.493,3,1.0,0.24,0.125,10269,2564,28.49,165,3208,0,0,0,4.5,6,1,0.104,11,0.183,88.1,12,2.5,34.2,0
TB000082,Blue,2018-06-23,2984,SJU,54,1,1,3,14,333.99,4604.1,Blue,0.236,5,0.357,0.198,0.114,15122,0,0.0,2,0,0,1,0,1.51,3,1,0.353,21,0.327,94.0,36,46.0,58.7,0
TB000083,Blue Plus,2020-07-18,2228,BOS,86,1,1,3,13,324.37,3896.24,Blue,0.184,4,0.308,0.359,0.157,3263,3713,41.26,98,10904,0,0,0,3.82,7,1,0.179,2,0.294,90.4,36,39.0,55.1,0
TB000084,Blue,2015-10-27,3954,BOS,800,3,3,6,6,249.65,1382.15,Blue,0.366,1,0.167,0.423,0.128,12224,1021,11.34,454,13090,0,1,0,3.53,2,1,0.53,12,0.276,11.1,72,13.8,32.3,1
TB000085,Blue Plus,2019-10-10,2510,JFK,150,3,4,5,20,323.04,6268.54,Blue,0.452,4,0.2,0.379,0.077,19922,1203,13.37,165,16861,0,1,0,3.08,8,8,0.952,19,0.351,83.3,60,62.7,68.7,0
TB000086,Blue,2016-11-28,3556,FLL,32,2,3,3,14,281.51,3792.31,Blue,0.156,3,0.214,0.335,0.165,18521,3188,35.42,568,18309,1,2,0,3.2,6,1,0.158,13,0.187,96.4,36,37.9,56.8,1
TB000087,Blue Plus,2019-10-31,2489,JFK,1,3,5,8,25,268.44,7195.18,Blue,0.073,7,0.28,0.434,0.135,15830,4038,44.87,30,10670,0,0,0,4.3,5,2,0.434,15,0.571,99.9,96,72.0,89.3,0
TB000088,Blue,2025-02-28,542,JFK,210,0,0,1,7,272.52,1901.62,Mint,0.269,4,0.571,0.255,0.112,11002,0,0.0,619,468,0,1,1,3.16,6,0,0.049,7,0.072,76.7,12,19.0,35.9,1
TB000089,Blue,2023-06-22,1159,JFK,150,0,0,0,4,233.96,842.31,Blue Basic,0.414,7,1.0,0.546,0.003,4808,1202,13.36,147,0,0,0,0,4.11,7,1,0.136,0,0.32,83.3,0,8.4,30.6,1
TB000090,Blue,2021-08-14,1836,SJU,131,2,4,7,11,187.34,2091.48,Blue Basic,0.471,7,0.636,0.155,0.115,11870,126,1.4,56,0,0,1,0,3.47,10,5,0.452,11,0.365,85.4,84,20.9,63.4,0
TB000091,Blue,2023-12-07,991,JFK,243,0,0,0,1,225.13,202.57,Blue Basic,0.291,6,1.0,0.216,0.108,9702,1507,16.74,765,4882,0,2,0,4.61,3,2,0.567,21,0.324,73.0,0,2.0,25.0,1
TB000092,Blue Plus,2023-09-20,1069,BOS,21,1,2,5,11,264.32,2595.4,Blue,0.157,4,0.364,0.185,0.027,19172,3131,34.79,60,12622,0,0,0,4.84,5,4,0.711,12,0.359,97.7,60,26.0,61.2,0
TB000093,Blue,2018-07-13,2964,SJU,38,0,4,5,13,360.43,4381.39,Blue,0.428,9,0.692,0.51,0.066,24250,3441,38.23,190,23489,0,0,0,4.74,7,5,0.698,15,0.825,95.8,60,43.8,66.5,0
TB000094,Blue,2019-10-18,2502,MCO,19,4,5,6,10,463.77,4172.34,Blue,0.141,10,1.0,0.303,0.165,20401,3610,40.11,6,4331,0,0,0,4.45,6,3,0.462,20,0.673,97.9,72,41.7,70.5,0
TB000095,Blue,2021-06-06,1905,JFK,26,2,2,6,14,313.35,4720.07,Blue Basic,0.396,3,0.214,0.295,0.119,5275,1708,18.98,455,10266,1,0,0,4.67,10,2,0.215,8,0.17,97.1,72,47.2,72.1,0
TB000096,Blue,2023-06-06,1175,MCO,43,3,3,3,4,441.54,1515.45,Blue Extra,0.339,4,1.0,0.349,0.083,24396,3019,33.54,643,3726,1,0,0,4.09,4,4,0.916,7,0.428,95.2,36,15.2,48.8,0
TB000097,Blue,2017-02-15,3477,LAX,331,2,5,5,12,248.06,2764.35,Blue Basic,0.551,5,0.417,0.252,0.082,433,2227,24.74,26,0,0,1,0,2.84,8,2,0.285,19,0.069,63.2,60,27.6,50.3,1
TB000098,Blue,2025-01-30,571,FLL,566,2,3,5,8,265.63,2196.63,Blue Basic,0.172,2,0.25,0.488,0.236,9688,722,8.02,763,0,0,0,0,4.6,6,2,0.301,2,0.493,37.1,60,22.0,39.7,1
TB000099,Mosaic,2016-12-07,3547,BOS,104,2,3,4,14,369.0,5165.4,Blue,0.154,7,0.5,0.491,0.076,23194,4390,48.78,1,10045,0,0,0,4.86,6,3,0.583,13,0.522,88.4,48,51.7,62.7,0
TB000100,Blue,2017-02-27,3465,JFK,361,2,2,7,15,294.48,4646.88,Blue Basic,0.293,7,0.467,0.393,0.141,7931,2296,25.51,368,3406,0,2,1,3.85,8,2,0.255,22,0.173,59.9,84,46.5,63.5,1
TB000101,Blue,2022-03-08,1630,JFK,262,0,3,8,18,304.61,5706.59,Blue,0.408,5,0.278,0.463,0.045,17585,2923,32.48,60,4078,0,1,0,3.4,5,3,0.685,2,0.102,70.9,96,57.1,74.7,0
TB000102,Blue,2024-08-29,725,JFK,236,0,0,2,9,277.69,2222.33,Blue Basic,0.509,1,0.111,0.29,0.026,6378,2105,23.39,24,6545,0,3,0,3.37,6,0,0.0,7,0.0,73.8,24,22.2,40.0,1
TB000103,Blue Plus,2019-08-26,2555,SJU,25,1,1,1,1,139.93,127.97,Blue Extra,0.465,5,1.0,0.32,0.165,3250,3256,36.18,68,13338,0,1,0,2.66,5,2,0.389,11,0.184,97.2,12,1.3,36.8,0
TB000104,Blue,2021-07-31,1850,BOS,27,4,4,4,9,347.84,3424.28,Blue Basic,0.517,8,0.889,0.369,0.117,23273,800,8.89,10,12216,0,0,0,4.88,5,2,0.483,8,0.41,97.0,48,34.2,59.7,0
TB000105,Blue,2022-05-14,1563,JFK,26,2,2,2,2,235.31,524.66,Blue,0.399,6,1.0,0.428,0.308,3254,1434,15.93,367,11121,0,0,0,4.58,4,0,0.083,7,0.48,97.1,24,5.2,42.1,0
TB000106,Blue,2022-07-13,1503,MCO,1,2,4,5,14,310.94,4166.97,Blue,0.227,8,0.571,0.298,0.097,22657,26,0.29,4,14813,0,0,0,4.91,3,1,0.296,29,0.588,99.9,60,41.7,67.2,0
TB000107,Blue,2018-07-08,2969,BOS,168,1,4,4,10,297.32,3408.48,Blue Extra,0.131,5,0.5,0.39,0.156,12052,1925,21.39,123,3147,0,2,0,3.37,7,3,0.491,0,0.46,81.3,48,34.1,54.5,1
TB000108,Blue,2023-05-22,1190,JFK,261,0,2,3,11,295.75,2863.87,Blue,0.314,6,0.545,0.429,0.0,11159,1435,15.94,625,2695,0,0,0,4.59,8,4,0.452,18,0.364,71.0,36,28.6,45.2,1
TB000109,Blue,2017-10-13,3237,BOS,66,0,2,6,22,279.93,6416.46,Blue Basic,0.095,6,0.273,0.376,0.377,22218,5529,61.43,10,7462,0,0,0,4.83,4,2,0.468,22,0.597,92.7,72,64.2,76.3,0
TB000110,Blue Plus,2026-07-15,40,MCO,26,3,6,10,13,341.63,4275.11,Blue Extra,0.262,4,0.308,0.374,0.177,20433,2138,23.76,25,13123,0,0,0,4.69,7,4,0.515,8,0.602,97.1,100,42.8,80.0,0
TB000111,Blue,2015-09-27,3984,LAX,188,0,0,0,14,302.29,4834.36,Blue,0.0,3,0.214,0.296,0.093,16064,2512,27.91,191,3695,0,1,1,4.52,7,1,0.123,3,0.395,79.1,0,48.3,42.5,1
TB000112,Blue,2024-09-22,701,JFK,294,1,1,3,3,359.73,1042.78,Blue,0.215,5,1.0,0.339,0.239,11123,2670,29.67,16,5259,0,0,0,4.82,6,0,0.0,3,0.124,67.3,36,10.4,37.9,0
TB000113,Blue,2014-11-05,4310,FLL,475,1,1,2,6,245.21,1649.04,Blue Extra,0.0,3,0.5,0.497,0.242,16260,4807,53.41,1000,4478,1,1,0,1.0,8,0,0.0,0,0.188,47.2,24,16.5,29.2,1
TB000114,Blue,2025-01-23,578,FLL,58,3,6,6,9,356.19,3398.45,Blue,0.241,5,0.556,0.445,0.235,17081,0,0.0,261,7310,0,0,0,4.39,8,3,0.379,23,0.374,93.6,72,34.0,66.5,0
TB000115,Blue,2025-09-22,336,SJU,114,3,4,4,4,402.32,1701.26,Blue Basic,0.132,6,1.0,0.57,0.169,12446,3492,38.8,109,7125,0,0,0,4.65,5,3,0.615,11,0.473,87.3,48,17.0,50.8,0
TB000116,Blue,2024-07-24,761,FLL,235,2,3,3,11,232.94,2574.08,Blue Basic,0.191,7,0.636,0.378,0.054,9865,1766,19.62,382,8015,0,1,1,4.25,6,3,0.43,19,0.241,73.9,36,25.7,45.2,1
TB000117,Blue,2025-11-17,280,JFK,88,3,6,7,7,286.75,2210.58,Blue Basic,0.297,4,0.571,0.296,0.181,0,273,3.03,397,1349,0,0,0,4.45,8,5,0.684,13,0.363,90.2,84,22.1,65.4,0
TB000118,Blue,2022-09-06,1448,BOS,47,1,2,2,13,277.52,3525.29,Blue,0.205,6,0.462,0.303,0.242,6184,439,4.88,1,21921,0,1,0,2.62,4,1,0.252,22,0.203,94.8,24,35.3,51.4,0
TB000119,Blue Plus,2019-04-10,2693,SJU,108,1,3,4,20,433.22,9703.31,Blue Extra,0.299,4,0.2,0.269,0.034,4011,0,0.0,35,4117,0,0,0,5.0,6,2,0.348,13,0.461,88.0,48,97.0,77.7,0
TB000120,Blue,2015-11-23,3927,FLL,43,1,4,4,25,342.78,7535.0,Blue Basic,0.206,10,0.4,0.593,0.094,14506,2134,23.71,21,14659,0,0,0,4.79,4,1,0.325,12,0.56,95.2,48,75.3,72.8,0
TB000121,Blue,2024-12-19,613,BOS,25,1,1,1,1,328.4,293.99,Mint,0.048,9,1.0,0.499,0.275,10864,1915,21.28,111,9841,0,1,1,2.82,6,2,0.271,0,0.407,97.2,12,2.9,37.4,0
TB000122,Blue,2023-08-30,1090,MCO,121,0,2,2,6,251.78,1453.17,Blue Basic,0.183,7,1.0,0.361,0.151,7811,0,0.0,663,2340,0,2,0,3.32,6,2,0.379,2,0.025,86.6,24,14.5,41.7,1
TB000123,Blue,2023-07-25,1126,FLL,108,2,4,9,15,205.88,2836.59,Blue Extra,0.478,5,0.333,0.485,0.238,9330,0,0.0,335,4162,0,0,0,4.4,5,2,0.448,14,0.261,88.0,100,28.4,72.1,1
TB000124,Blue,2023-10-17,1042,BOS,39,0,0,0,0,325.17,341.02,Blue Basic,0.244,3,1.0,0.184,0.142,6037,3549,39.43,219,0,0,0,0,5.0,1,0,0.038,11,0.304,95.7,0,3.4,33.0,1
TB000125,Blue,2015-10-14,3967,LAX,175,1,4,4,14,269.24,3305.82,Blue,0.257,4,0.286,0.268,0.08,16766,1726,19.18,10,11215,0,0,0,4.73,4,1,0.231,3,0.566,80.6,48,33.1,53.9,0
TB000126,Blue,2026-05-07,109,BOS,16,0,0,3,3,264.18,695.76,Blue Extra,0.297,8,1.0,0.334,0.228,21921,526,5.84,127,10100,0,0,0,4.45,5,3,0.573,13,0.301,98.2,36,7.0,47.1,0
TB000127,Blue,2016-09-26,3619,JFK,55,3,6,8,28,186.24,4636.91,Mint,0.369,7,0.25,0.511,0.195,25829,2517,27.97,125,7441,0,0,0,4.66,10,6,0.56,6,0.33,93.9,96,46.4,78.8,0
TB000128,Blue,2020-12-27,2066,BOS,271,0,2,5,12,168.46,1725.35,Mint,0.154,3,0.25,0.382,0.127,2300,699,7.77,1000,6247,0,2,0,3.05,8,1,0.179,0,0.252,69.9,60,17.3,49.1,1
TB000129,Blue Plus,2015-05-30,4104,BOS,64,1,4,6,24,228.26,6239.45,Blue,0.401,4,0.167,0.459,0.127,17744,2626,29.18,103,27,0,0,0,3.92,6,2,0.368,9,0.413,92.9,72,62.4,75.8,0
TB000130,Blue Plus,2020-01-07,2421,JFK,21,0,2,2,11,183.21,1960.42,Blue Basic,0.313,5,0.455,0.398,0.296,12270,2734,30.38,371,13164,0,1,0,4.38,8,0,0.0,11,0.0,97.7,24,19.6,47.1,0
TB000131,Mosaic,2025-06-23,427,SJU,136,1,4,4,11,251.43,2494.95,Blue Extra,0.442,7,0.636,0.232,0.148,25468,1491,16.57,302,4300,0,3,0,3.16,6,0,0.064,17,0.35,84.9,48,24.9,52.6,1
TB000132,Blue,2019-07-11,2601,SJU,196,0,1,4,8,323.88,2725.03,Mint,0.066,1,0.125,0.3,0.019,2832,682,7.58,759,2705,0,0,0,3.7,5,1,0.218,8,0.391,78.2,48,27.3,51.2,1
TB000133,Mosaic,2025-04-18,493,BOS,7,4,6,10,16,306.57,4603.66,Blue Extra,0.48,8,0.5,0.216,0.07,13976,2845,31.61,60,5649,0,0,0,4.68,3,2,0.536,16,0.446,99.2,100,46.0,81.7,0
TB000134,Blue,2019-07-21,2591,MCO,177,1,3,8,20,268.97,4936.48,Blue,0.219,3,0.15,0.401,0.0,12440,3110,34.56,203,9004,0,1,0,3.12,7,2,0.28,11,0.298,80.3,96,49.4,75.2,0
TB000135,Blue Plus,2023-02-03,1298,MCO,18,3,5,5,14,357.66,5442.73,Blue,0.411,9,0.643,0.49,0.124,19798,2638,29.31,23,7430,0,0,0,4.94,4,2,0.519,25,0.798,98.0,60,54.4,70.8,0
TB000136,Blue,2026-05-14,102,LAX,28,2,2,2,2,356.18,794.78,Blue,0.263,5,1.0,0.255,0.134,24310,1057,11.74,66,10800,0,0,0,5.0,7,4,0.519,23,0.534,96.9,24,7.9,42.9,0
TB000137,Blue,2026-05-26,90,BOS,189,0,1,5,6,239.62,1579.51,Blue Extra,0.277,2,0.333,0.349,0.104,5236,1845,20.5,23,15212,0,1,0,2.9,5,1,0.247,16,0.177,79.0,60,15.8,51.6,0
TB000138,Mosaic,2023-11-29,999,BOS,178,0,1,1,2,256.91,579.8,Blue Basic,0.312,3,1.0,0.296,0.329,2561,3466,38.51,7,7753,0,1,0,3.77,2,0,0.191,19,0.205,80.2,12,5.8,32.7,1
TB000139,Blue,2018-03-13,3086,SJU,299,1,2,4,9,282.45,2578.29,Blue Basic,0.323,8,0.889,0.412,0.319,14771,1383,15.37,39,3633,0,0,0,4.95,7,2,0.291,10,0.375,66.8,48,25.8,46.9,0
TB000140,Blue,2024-12-03,629,SJU,16,2,3,3,3,323.27,1015.04,Blue Basic,0.036,2,0.667,0.243,0.156,6923,0,0.0,36,0,0,0,0,4.73,5,1,0.18,23,0.289,98.2,36,10.2,48.1,0
TB000141,Blue Plus,2018-07-03,2974,FLL,92,4,4,7,20,453.83,8193.73,Blue,0.374,4,0.2,0.412,0.117,16930,1125,12.5,80,20136,0,0,0,4.0,3,1,0.251,11,0.566,89.8,84,81.9,85.2,0
TB000142,Blue Plus,2015-12-23,3897,MCO,74,1,3,3,17,280.14,4763.98,Blue Basic,0.25,5,0.294,0.476,0.032,9817,1399,15.54,145,3276,0,1,0,2.57,1,0,0.321,2,0.297,91.8,36,47.6,58.5,0
TB000143,Blue,2025-02-26,544,LAX,176,2,2,3,3,384.13,1284.3,Blue Basic,0.228,4,1.0,0.398,0.096,8438,1612,17.91,229,614,0,2,0,2.82,5,3,0.521,5,0.162,80.4,36,12.8,43.1,1
TB000144,Blue,2015-10-02,3979,MCO,317,1,1,3,11,301.36,2967.13,Blue Basic,0.043,3,0.273,0.258,0.187,19389,3471,38.57,131,0,0,0,0,4.25,6,3,0.529,19,0.484,64.8,36,29.7,43.5,1
TB000145,Blue,2023-04-09,1233,BOS,19,2,5,6,10,336.39,3585.46,Blue,0.227,7,0.7,0.244,0.094,10777,2681,29.79,72,13728,0,1,0,3.2,4,2,0.589,25,0.631,97.9,72,35.9,68.6,0
TB000146,Mosaic,2018-01-30,3128,BOS,24,2,4,4,13,352.66,4029.34,Blue,0.212,5,0.385,0.497,0.215,20745,1405,15.61,1,16875,0,0,0,4.12,6,4,0.644,5,0.121,97.3,48,40.3,61.9,0
TB000147,Blue,2018-01-05,3153,JFK,560,2,3,3,4,263.07,1136.21,Blue Extra,0.483,5,1.0,0.349,0.158,8220,812,9.02,234,0,0,1,0,3.36,4,1,0.335,10,0.105,37.8,36,11.4,28.4,1
TB000148,Blue,2018-05-13,3025,JFK,162,0,0,2,2,166.68,339.27,Blue,0.546,1,0.5,0.329,0.0,0,0,0.0,254,0,0,1,0,2.18,7,0,0.0,0,0.026,82.0,24,3.4,36.5,1
TB000149,Blue,2026-06-12,73,LAX,69,0,1,2,2,392.87,811.44,Blue Extra,0.382,5,1.0,0.311,0.045,25064,1541,17.12,150,4736,0,0,0,4.1,2,1,0.412,16,0.292,92.3,24,8.1,41.5,0
TB000150,Blue Plus,2022-10-06,1418,BOS,167,0,1,2,5,358.92,1885.94,Blue,0.277,5,1.0,0.482,0.101,10976,0,0.0,186,156,0,2,0,4.26,5,2,0.309,11,0.429,81.4,24,18.9,41.4,1
TB000151,Blue,2015-04-13,4151,SJU,332,3,6,6,17,192.03,3454.69,Mint,0.055,2,0.118,0.479,0.129,2019,1830,20.33,7,6275,0,1,0,4.33,5,1,0.252,14,0.435,63.1,72,34.5,56.5,1
TB000152,Mosaic,2020-08-28,2187,MCO,89,2,4,5,19,327.74,5953.45,Blue Extra,0.186,11,0.579,0.27,0.15,14904,0,0.0,25,10944,0,1,0,4.09,6,4,0.744,10,0.384,90.1,60,59.5,69.9,0
TB000153,Blue,2025-08-13,376,FLL,42,1,5,5,5,309.9,1402.08,Blue Extra,0.096,5,1.0,0.553,0.198,6920,2665,29.61,107,1095,0,1,1,4.81,5,1,0.117,16,0.532,95.3,60,14.0,56.4,0
TB000154,Blue,2019-04-08,2695,SJU,52,2,2,4,11,216.23,2152.98,Blue,0.097,5,0.455,0.409,0.099,8792,1521,16.9,290,3118,0,2,0,3.11,8,0,0.055,7,0.259,94.2,48,21.5,54.6,1
TB000155,Blue,2022-08-09,1476,FLL,426,1,1,1,2,338.42,626.27,Blue Extra,0.351,4,1.0,0.555,0.204,2107,1821,20.23,153,2299,0,2,0,3.84,5,2,0.36,9,0.547,52.7,12,6.3,23.7,1
TB000156,Blue Plus,2022-08-26,1459,SJU,25,2,2,4,9,375.57,3495.39,Blue,0.513,6,0.667,0.204,0.202,5986,4826,53.62,7,7346,0,1,0,3.74,3,1,0.181,27,0.588,97.2,48,35.0,60.1,0
TB000157,Blue,2014-11-18,4297,BOS,16,2,6,8,20,235.25,4988.28,Blue Basic,0.265,7,0.35,0.475,0.115,25753,3662,40.69,80,12439,0,0,0,4.38,5,3,0.662,12,0.523,98.2,96,49.9,81.4,0
TB000158,Blue,2023-09-24,1065,FLL,1,4,4,4,6,433.03,2968.41,Blue,0.196,9,1.0,0.238,0.102,17026,0,0.0,45,5755,0,0,0,4.89,4,2,0.537,20,0.476,99.9,48,29.7,59.2,0
TB000159,Blue Plus,2026-04-30,116,LAX,37,3,4,8,19,407.08,8771.62,Blue,0.359,8,0.421,0.174,0.068,15297,3210,35.67,64,7800,0,0,0,4.37,3,2,0.667,15,0.785,95.9,96,87.7,93.2,0
TB000160,Blue,2020-06-19,2257,MCO,300,3,3,6,13,326.61,4420.3,Blue,0.252,7,0.538,0.32,0.192,12160,1553,17.26,881,4909,1,1,1,3.49,6,2,0.319,17,0.343,66.7,72,44.2,61.0,1
TB000161,Blue,2025-11-08,289,BOS,680,2,5,7,12,279.14,3040.36,Blue Extra,0.418,1,0.083,0.538,0.13,0,3808,42.31,86,7805,0,1,0,4.04,7,2,0.242,14,0.566,24.4,84,30.4,46.3,1
TB000162,Blue Plus,2025-08-14,375,JFK,16,0,0,2,2,335.79,705.16,Mint,0.268,7,1.0,0.398,0.206,21326,4045,44.94,1,17807,0,1,0,3.1,4,2,0.483,15,0.577,98.2,24,7.1,43.1,0
TB000163,Blue,2025-03-21,521,MCO,66,3,5,6,10,543.29,5903.22,Blue Extra,0.272,5,0.5,0.466,0.16,16537,1970,21.89,3,8547,0,0,0,4.05,5,2,0.302,13,0.461,92.7,72,59.0,74.6,0
TB000164,Blue,2022-12-20,1343,MCO,40,2,3,6,18,330.37,5730.87,Blue Basic,0.541,6,0.333,0.331,0.176,25085,1817,20.19,33,4016,0,0,0,4.68,7,2,0.26,17,0.606,95.6,72,57.3,75.0,0
TB000165,Mosaic,2023-08-27,1093,MCO,8,2,4,6,7,315.74,2203.49,Blue,0.186,6,0.857,0.314,0.131,20127,2459,27.32,66,11812,0,0,0,4.54,5,0,0.055,9,0.381,99.1,72,22.0,64.4,0
TB000166,Blue,2020-08-08,2207,FLL,494,0,1,2,2,209.55,385.28,Blue,0.404,5,1.0,0.207,0.113,5995,0,0.0,318,0,0,0,0,4.33,6,1,0.156,0,0.0,45.1,24,3.9,24.3,1
TB000167,Blue,2016-08-17,3659,JFK,15,1,6,8,22,444.47,10735.12,Blue,0.211,10,0.455,0.377,0.0,18606,7329,81.43,17,4290,0,0,0,5.0,5,0,0.0,17,0.559,98.3,96,100,98.1,0
TB000168,Blue Plus,2019-07-03,2609,SJU,23,3,5,10,13,352.56,4108.52,Blue Basic,0.15,8,0.615,0.42,0.111,18801,4766,52.96,25,8187,0,0,0,4.81,6,2,0.37,21,0.788,97.4,100,41.1,79.5,0
TB000169,Blue,2024-06-04,811,MCO,272,0,0,0,9,298.04,2559.99,Blue Extra,0.032,6,0.667,0.347,0.0,17296,392,4.36,279,11400,0,1,0,2.69,5,1,0.188,3,0.018,69.8,0,25.6,31.8,0
TB000170,Blue,2015-03-31,4164,FLL,135,3,5,8,17,365.37,6301.02,Blue Basic,0.105,7,0.412,0.36,0.059,17543,4135,45.94,101,0,0,0,0,4.21,5,2,0.443,23,0.398,85.0,96,63.0,81.3,0
TB000171,Blue Plus,2017-04-15,3418,JFK,72,1,1,2,5,445.29,2304.08,Mint,0.205,5,1.0,0.428,0.123,9292,754,8.38,328,13784,0,2,0,3.08,5,2,0.348,3,0.145,92.0,24,23.0,46.3,1
TB000172,Blue Plus,2015-12-31,3889,JFK,57,2,4,8,25,429.1,11467.45,Blue Basic,0.218,6,0.24,0.349,0.178,19116,5074,56.38,32,0,0,0,0,5.0,7,2,0.262,1,0.455,93.7,96,100,96.6,0
TB000173,Blue Plus,2017-11-23,3196,JFK,436,3,5,8,24,274.48,5967.8,Blue,0.0,7,0.292,0.613,0.195,11827,4014,44.6,216,17197,0,0,0,4.29,7,7,0.962,13,0.415,51.6,96,59.7,69.1,1
TB000174,Blue Plus,2017-11-18,3201,MCO,1,1,2,4,27,504.34,14258.27,Blue Basic,0.0,11,0.407,0.214,0.202,14351,4078,45.31,27,8971,0,0,0,4.2,3,2,0.546,15,0.748,99.9,48,100,82.6,0
TB000175,Blue,2023-07-14,1137,FLL,446,1,1,1,2,210.85,425.87,Blue Extra,0.457,5,1.0,0.321,0.015,9345,0,0.0,216,0,0,2,0,3.29,5,0,0.05,0,0.181,50.4,12,4.3,22.2,1
TB000176,Blue,2020-07-30,2216,FLL,214,0,0,1,12,291.33,3112.19,Blue Extra,0.095,4,0.333,0.434,0.075,10736,1723,19.14,10,3441,0,1,0,2.13,7,4,0.503,4,0.517,76.2,12,31.1,39.8,1
TB000177,Blue,2015-07-30,4043,JFK,464,0,0,2,2,188.77,402.48,Blue,0.477,3,1.0,0.22,0.139,10206,865,9.61,1000,0,0,1,0,2.26,5,2,0.373,9,0.145,48.4,24,4.0,25.5,1
TB000178,Blue,2016-03-20,3809,FLL,310,2,2,2,8,343.63,2411.27,Blue,0.337,8,1.0,0.267,0.194,20335,2548,28.31,381,17705,0,0,0,4.8,6,1,0.205,2,0.535,65.6,24,24.1,37.9,1
TB000179,Blue Plus,2016-06-26,3711,FLL,179,1,1,1,10,284.61,2889.09,Blue Basic,0.328,7,0.7,0.385,0.188,12929,1545,17.17,72,5056,0,0,0,4.44,7,5,0.756,0,0.624,80.1,12,28.9,40.3,0
TB000180,Mosaic,2015-05-28,4106,LAX,1,1,4,5,22,362.23,7754.26,Blue Basic,0.11,7,0.318,0.238,0.08,19753,3050,33.89,5,10973,0,0,0,4.86,3,2,0.684,14,0.638,99.9,60,77.5,79.1,0
TB000181,Blue,2022-07-26,1490,SJU,132,2,3,3,3,265.29,855.4,Blue,0.501,6,1.0,0.271,0.207,19643,2956,32.84,133,7039,0,1,0,3.56,8,1,0.09,11,0.357,85.3,36,8.6,43.3,0
TB000182,Blue,2014-09-13,4363,FLL,80,2,8,8,26,444.01,10908.71,Blue,0.365,6,0.231,0.244,0.088,15629,1182,13.13,157,13289,0,0,0,4.43,7,5,0.667,22,0.581,91.1,96,100,95.7,0
TB000183,Blue Plus,2017-04-07,3426,JFK,150,1,1,2,11,327.01,3910.27,Blue,0.149,4,0.364,0.432,0.197,4669,2781,30.9,796,7423,0,0,0,4.9,4,1,0.221,9,0.359,83.3,24,39.1,48.8,1
TB000184,Blue,2019-01-18,2775,SJU,758,0,1,2,2,167.04,339.61,Blue Basic,0.215,1,0.5,0.412,0.168,8508,0,0.0,182,0,0,1,0,2.99,6,1,0.097,0,0.255,15.8,24,3.4,14.4,1
TB000185,Blue Plus,2024-08-13,741,JFK,108,1,3,3,4,310.2,1346.87,Blue Extra,0.419,3,0.75,0.429,0.0,14089,2757,30.63,160,9221,0,0,0,4.18,9,7,0.743,22,0.0,88.0,36,13.5,45.8,0
TB000186,Blue Plus,2025-09-29,329,LAX,177,1,5,5,5,164.46,720.44,Blue,0.484,4,0.8,0.55,0.169,5363,147,1.63,72,1524,0,2,0,2.84,4,1,0.215,8,0.383,80.3,60,7.2,49.2,1
TB000187,Blue Plus,2018-09-16,2899,JFK,521,1,2,2,11,326.97,4019.9,Blue,0.315,4,0.364,0.381,0.166,7537,2032,22.58,222,0,0,0,0,4.33,3,0,0.135,22,0.252,42.1,24,40.2,35.4,1
TB000188,Blue,2016-02-14,3844,LAX,300,1,1,1,7,359.03,2714.14,Blue,0.362,4,0.571,0.452,0.108,7978,0,0.0,389,10267,0,0,0,4.95,6,1,0.137,16,0.42,66.7,12,27.1,35.3,1
TB000189,Blue,2023-09-16,1073,FLL,289,0,2,4,9,266.9,2373.98,Blue,0.314,5,0.556,0.467,0.137,2491,3349,37.21,278,4915,0,0,0,4.62,3,1,0.203,17,0.518,67.9,48,23.7,46.5,1
TB000190,Blue,2015-08-26,4016,SJU,31,3,6,9,25,413.95,10653.81,Blue,0.001,4,0.16,0.174,0.154,25368,4301,47.79,237,16644,0,0,0,4.73,6,4,0.628,24,0.34,96.6,100,100,98.9,0
TB000191,Blue Plus,2019-06-19,2623,FLL,188,3,7,7,12,162.38,2235.17,Blue,0.136,3,0.25,0.376,0.127,24491,0,0.0,1,0,0,0,0,4.75,7,4,0.517,11,0.155,79.1,84,22.4,61.8,0
TB000192,Blue,2017-06-16,3356,FLL,243,1,1,2,2,340.67,750.83,Blue Basic,0.525,3,1.0,0.523,0.158,16496,3569,39.66,324,7031,0,1,1,3.66,2,1,0.433,0,0.415,73.0,24,7.5,34.8,1
TB000193,Blue,2017-01-19,3504,SJU,102,0,1,4,4,189.38,697.69,Blue,0.147,5,1.0,0.383,0.155,2644,1169,12.99,272,5873,0,1,0,1.77,5,1,0.175,0,0.029,88.7,48,7.0,47.9,1
TB000194,Blue,2021-01-24,2038,BOS,893,0,2,3,5,162.27,702.49,Blue,0.358,1,0.2,0.254,0.118,0,3809,42.32,129,6318,0,3,0,2.51,9,1,0.068,14,0.0,0.8,36,7.0,14.6,1
TB000195,Blue,2020-01-08,2420,BOS,39,0,3,6,17,289.93,4385.47,Blue Basic,0.264,5,0.294,0.141,0.043,13538,172,1.91,73,12853,0,2,0,4.08,8,8,0.969,18,0.62,95.7,72,43.9,70.5,0
TB000196,Blue,2015-06-11,4092,JFK,74,0,0,0,15,370.37,6125.27,Blue Basic,0.242,9,0.6,0.41,0.22,9165,4296,47.73,290,910,0,0,0,4.38,3,2,0.58,23,0.697,91.8,0,61.3,51.0,0
TB000197,Blue,2019-06-26,2616,BOS,1,2,6,7,25,364.62,10258.7,Blue Extra,0.152,8,0.32,0.345,0.256,9038,3757,41.74,17,6164,0,0,0,3.9,5,4,0.724,18,0.574,99.9,84,100,94.6,0
TB000198,Mosaic,2017-05-05,3398,BOS,30,3,5,9,26,389.37,8884.31,Mint,0.058,4,0.154,0.334,0.111,19398,2514,27.93,76,17018,0,0,0,5.0,5,2,0.486,12,0.198,96.7,100,88.8,95.2,0
TB000199,Blue,2020-05-13,2294,LAX,155,0,1,1,9,263.79,2062.43,Blue,0.376,5,0.556,0.37,0.177,16930,1958,21.76,95,5403,0,0,0,4.09,5,1,0.286,9,0.27,82.8,12,20.6,38.5,0
TB000200,Mosaic,2024-12-26,606,JFK,77,1,3,4,4,210.7,884.42,Blue Basic,0.155,1,0.25,0.067,0.132,7022,2295,25.5,331,9579,0,0,0,4.47,5,4,0.731,8,0.203,91.4,48,8.8,49.4,0
TB000201,Blue,2018-07-07,2970,MCO,10,2,5,6,6,365.63,2088.52,Blue Extra,0.292,3,0.5,0.365,0.17,7738,2202,24.47,300,12062,0,0,0,4.39,6,0,0.047,0,0.357,98.9,72,20.9,63.9,0
TB000202,Blue,2021-03-20,1983,JFK,141,1,1,4,11,224.64,2838.61,Blue Basic,0.529,5,0.455,0.281,0.181,6752,107,1.19,692,10621,0,0,0,4.52,6,2,0.255,0,0.628,84.3,48,28.4,53.6,1
TB000203,Blue,2021-02-13,2018,BOS,31,0,2,4,11,228.49,2265.08,Blue,0.303,4,0.364,0.213,0.088,15377,2175,24.17,92,11167,0,0,0,4.33,6,1,0.205,1,0.162,96.6,48,22.7,55.8,0
TB000204,Blue Plus,2025-07-17,403,JFK,23,0,2,4,4,209.65,823.17,Mint,0.347,5,1.0,0.354,0.136,10248,1629,18.1,48,12921,0,1,0,2.29,7,2,0.32,0,0.362,97.4,48,8.2,51.2,0
TB000205,Blue,2017-04-28,3405,MCO,178,2,2,2,10,286.63,3147.04,Blue,0.099,6,0.6,0.459,0.216,17096,2765,30.72,294,2634,0,0,0,4.57,3,1,0.315,16,0.424,80.2,24,31.5,45.2,0
TB000206,Blue,2015-12-04,3916,JFK,510,1,3,4,13,312.75,4208.24,Blue Extra,0.222,4,0.308,0.416,0.127,11566,0,0.0,33,12412,0,0,0,4.2,5,2,0.337,19,0.152,43.3,48,42.1,44.5,1
TB000207,Blue Plus,2024-05-13,833,SJU,26,3,5,6,7,317.37,2178.85,Blue Basic,0.177,5,0.714,0.475,0.246,3024,0,0.0,36,14472,0,1,1,4.6,8,2,0.284,14,0.245,97.1,72,21.8,63.6,0
TB000208,Blue,2022-10-02,1422,MCO,62,0,0,2,6,207.55,1235.4,Blue,0.467,3,0.5,0.352,0.235,10425,4330,48.11,941,14233,1,0,0,5.0,7,1,0.138,0,0.065,93.1,24,12.4,43.2,1
TB000209,Blue,2024-05-14,832,LAX,170,1,4,5,9,252.1,2129.9,Blue,0.438,5,0.556,0.42,0.225,2412,454,5.04,1000,1280,0,1,1,3.94,3,1,0.221,7,0.152,81.1,60,21.3,54.1,1
TB000210,Blue,2014-08-28,4379,SJU,24,2,5,6,28,256.19,6271.55,Blue Extra,0.224,6,0.214,0.394,0.125,10581,4385,48.72,48,13167,0,1,1,3.79,4,3,0.631,15,0.624,97.3,72,62.7,77.3,0
TB000211,Blue,2021-11-10,1748,BOS,58,0,2,2,5,312.2,1501.44,Blue,0.0,5,1.0,0.305,0.033,7493,1698,18.87,200,11163,0,0,0,4.84,1,1,0.722,17,0.298,93.6,24,15.0,44.2,0
TB000212,Blue,2020-02-05,2392,FLL,22,1,3,5,15,355.14,6049.62,Blue Basic,0.056,7,0.467,0.226,0.164,13602,1951,21.68,35,18454,0,1,0,3.04,5,1,0.131,7,0.445,97.6,60,60.5,72.7,0
TB000213,Blue,2014-09-03,4373,SJU,40,1,4,8,26,374.64,9694.6,Mint,0.251,5,0.192,0.286,0.345,11861,1841,20.46,115,9915,0,1,0,4.78,3,1,0.472,17,0.63,95.6,96,96.9,96.2,0
TB000214,Blue,2018-04-10,3058,BOS,4,3,4,7,14,382.84,4817.24,Blue,0.382,5,0.357,0.384,0.0,17320,1992,22.13,556,1301,0,0,0,4.26,10,7,0.736,11,0.645,99.6,84,48.2,77.3,0
TB000215,Blue,2016-08-25,3651,MCO,113,1,4,6,16,295.81,4899.83,Blue Basic,0.194,6,0.375,0.276,0.122,15733,1223,13.59,5,0,0,0,0,4.42,5,1,0.16,9,0.233,87.4,72,49.0,69.5,0
TB000216,Blue,2018-06-20,2987,JFK,139,1,1,1,2,273.8,538.66,Blue,0.382,7,1.0,0.383,0.088,12945,0,0.0,185,5410,0,1,0,3.46,6,0,0.0,7,0.233,84.6,12,5.4,34.0,1
TB000217,Blue,2018-02-19,3108,JFK,220,2,2,5,16,251.41,3584.42,Blue Basic,0.094,8,0.5,0.395,0.089,9495,1794,19.93,165,10908,0,2,1,3.54,8,3,0.393,12,0.41,75.6,60,35.8,57.1,0
TB000218,Blue Plus,2021-01-28,2034,BOS,13,3,7,9,16,452.42,7099.89,Blue Basic,0.041,3,0.188,0.214,0.243,23623,3627,40.3,26,16051,0,0,0,4.37,4,3,0.779,22,0.355,98.6,100,71.0,89.9,0
TB000219,Mosaic,2020-01-09,2419,LAX,176,0,0,0,10,291.11,2949.28,Blue Extra,0.418,1,0.1,0.325,0.273,2930,2285,25.39,142,5016,0,2,0,3.2,3,1,0.255,2,0.223,80.4,0,29.5,36.6,1
TB000220,Blue,2014-10-10,4336,FLL,106,0,2,2,22,335.26,6559.74,Blue Basic,0.101,9,0.409,0.453,0.0,7279,1242,13.8,50,8927,0,0,0,4.61,4,2,0.533,12,0.487,88.2,24,65.6,59.3,0
TB000221,Blue Plus,2024-10-20,673,LAX,28,1,3,4,4,256.5,882.19,Blue,0.168,2,0.5,0.448,0.168,10781,996,11.07,42,0,0,0,0,4.68,8,2,0.274,6,0.197,96.9,48,8.8,51.2,0
TB000222,Blue,2018-08-31,2915,JFK,140,3,4,8,24,381.51,7821.22,Blue Basic,0.288,7,0.292,0.404,0.144,16198,4206,46.73,181,3134,0,1,0,4.19,5,2,0.305,20,0.463,84.4,96,78.2,86.2,0
TB000223,Blue Plus,2019-07-08,2604,LAX,14,2,4,4,13,335.9,4141.53,Blue Basic,0.197,9,0.692,0.261,0.008,15969,4093,45.48,568,0,0,1,0,4.43,5,4,0.74,15,0.384,98.4,48,41.4,62.6,0
TB000224,Blue,2024-08-28,726,JFK,118,3,7,8,13,318.55,3971.83,Blue Basic,0.329,10,0.769,0.514,0.256,14249,1369,15.21,170,4631,0,0,0,4.64,3,1,0.256,20,0.332,86.9,96,39.7,74.2,0
TB000225,Blue,2020-04-23,2314,FLL,13,3,3,5,15,332.18,5338.16,Blue Extra,0.208,6,0.4,0.216,0.231,19534,4217,46.86,14,17464,0,1,0,3.9,4,1,0.307,6,0.433,98.6,60,53.4,70.7,0
TB000226,Blue,2026-03-03,174,LAX,77,1,3,3,3,367.9,1090.34,Blue Basic,0.0,4,1.0,0.404,0.118,8449,2684,29.82,91,8011,0,0,0,3.99,6,1,0.148,10,0.305,91.4,36,10.9,46.1,0
TB000227,Mosaic,2020-08-28,2187,JFK,235,0,0,5,7,247.95,1498.8,Blue Extra,0.169,6,0.857,0.366,0.038,3110,1956,21.73,1000,1259,1,1,0,2.96,6,0,0.0,0,0.256,73.9,60,15.0,49.6,1
TB000228,Blue,2025-09-22,336,BOS,251,0,1,1,1,119.22,136.59,Blue,0.189,4,1.0,0.496,0.221,1344,1752,19.47,584,0,1,3,0,1.44,6,1,0.128,0,0.0,72.1,12,1.4,28.5,1
TB000229,Mosaic,2017-07-19,3323,BOS,141,1,2,2,15,355.73,5442.29,Blue,0.088,8,0.533,0.291,0.095,19897,1705,18.94,48,12890,0,1,0,2.94,6,3,0.567,19,0.468,84.3,24,54.4,54.2,0
TB000230,Blue,2021-10-15,1774,MCO,637,0,0,3,9,137.03,1383.79,Mint,0.297,3,0.333,0.305,0.184,13875,2907,32.3,110,0,0,1,0,3.59,6,0,0.0,13,0.146,29.2,36,13.8,26.3,1
TB000231,Blue,2017-06-18,3354,JFK,4,2,3,3,3,320.22,938.19,Blue Extra,0.302,6,1.0,0.339,0.294,10377,1177,13.08,394,13465,0,0,0,5.0,6,3,0.571,16,0.575,99.6,36,9.4,48.3,0
TB000232,Blue,2018-05-31,3007,LAX,115,0,2,2,7,324.63,2272.58,Blue Basic,0.203,1,0.143,0.298,0.151,190,0,0.0,115,8498,0,0,0,4.73,2,1,0.311,3,0.299,87.2,24,22.7,44.6,0
TB000233,Blue Plus,2017-05-28,3375,SJU,86,3,3,8,17,378.6,6789.04,Mint,0.51,2,0.118,0.236,0.162,10526,4260,47.33,409,17297,0,1,1,4.57,4,2,0.381,20,0.253,90.4,96,67.9,84.8,0
TB000234,Blue,2023-10-30,1029,FLL,121,0,4,5,17,202.55,3237.67,Mint,0.3,2,0.118,0.496,0.093,17001,0,0.0,146,16217,0,1,0,3.99,5,0,0.0,15,0.191,86.6,60,32.4,59.7,0
TB000235,Blue,2022-12-20,1343,FLL,79,0,0,0,2,214.47,368.12,Blue Basic,0.148,2,1.0,0.43,0.151,8145,3440,38.22,29,5489,0,2,0,3.16,5,1,0.103,4,0.453,91.2,0,3.7,31.6,0
TB000236,Blue,2023-07-28,1123,JFK,285,3,4,4,4,314.83,1401.52,Mint,0.351,4,1.0,0.503,0.096,2717,0,0.0,804,9271,1,2,0,3.0,6,3,0.477,14,0.409,68.3,48,14.0,43.4,1
TB000237,Blue,2016-10-21,3594,JFK,227,0,0,1,17,458.22,8522.16,Blue Basic,0.252,3,0.176,0.451,0.065,18400,2181,24.23,199,2250,0,1,1,3.51,7,0,0.058,0,0.243,74.8,12,85.2,57.3,1
TB000238,Blue,2026-05-02,114,MCO,900,0,0,0,0,233.79,240.61,Blue Basic,0.296,2,1.0,0.24,0.164,0,0,0.0,662,0,0,0,0,4.97,6,0,0.0,16,0.041,0,0,2.4,0.8,1
TB000239,Blue,2025-08-23,366,FLL,144,0,3,3,6,302.28,1830.23,Blue Basic,0.326,4,0.667,0.027,0.151,8604,2722,30.24,156,8403,0,0,0,4.94,1,0,0.015,6,0.384,84.0,36,18.3,46.1,1
TB000240,Blue,2023-03-04,1269,BOS,318,0,0,0,3,196.87,585.34,Blue Basic,0.274,2,0.667,0.459,0.169,2515,0,0.0,287,7045,0,0,0,4.63,6,1,0.096,0,0.148,64.7,0,5.9,23.5,1
TB000241,Blue Plus,2021-10-20,1769,BOS,216,0,0,0,8,249.63,2103.03,Blue Extra,0.559,3,0.375,0.224,0.216,16395,0,0.0,65,11072,0,2,0,1.18,7,0,0.042,1,0.32,76.0,0,21.0,32.3,1
TB000242,Blue,2019-04-12,2691,JFK,47,1,3,4,24,318.29,7141.56,Blue Extra,0.193,5,0.208,0.427,0.184,19641,6070,67.44,15,16066,0,0,0,4.19,7,2,0.301,4,0.672,94.8,48,71.4,71.4,0
TB000243,Blue,2019-08-11,2570,JFK,31,1,4,7,20,424.49,8204.77,Blue Basic,0.173,6,0.3,0.412,0.048,10657,3539,39.32,4,6307,0,1,0,3.79,4,1,0.216,16,0.384,96.6,84,82.0,87.5,0
TB000244,Blue,2015-11-08,3942,JFK,256,4,4,6,7,285.8,2031.21,Blue Extra,0.122,3,0.429,0.496,0.216,4718,662,7.36,88,10092,0,2,1,2.96,4,1,0.278,13,0.495,71.6,72,20.3,54.6,1
TB000245,Blue Plus,2016-05-11,3757,JFK,199,0,0,5,20,287.36,5019.98,Mint,0.237,8,0.4,0.337,0.148,16676,2935,32.61,106,3627,0,0,0,5.0,5,1,0.121,14,0.554,77.9,60,50.2,62.7,0
TB000246,Blue,2017-09-15,3265,MCO,20,1,3,8,17,272.39,3973.29,Blue,0.33,6,0.353,0.526,0.221,16540,3310,36.78,24,15072,0,0,0,4.07,6,3,0.568,12,0.378,97.8,96,39.7,77.8,0
TB000247,Blue,2017-10-11,3239,BOS,145,1,1,1,16,227.72,3748.28,Blue,0.219,7,0.438,0.158,0.139,24656,741,8.23,400,7198,0,1,1,2.78,4,1,0.316,23,0.426,83.9,12,37.5,44.5,1
TB000248,Blue,2018-10-15,2870,BOS,40,1,1,1,1,272.27,279.43,Blue,0.565,1,1.0,0.418,0.199,4790,0,0.0,557,0,0,0,0,4.74,2,0,0.06,1,0.212,95.6,12,2.8,36.8,0
TB000249,Blue Plus,2022-02-02,1664,FLL,120,3,6,7,15,434.75,7497.99,Blue,0.213,9,0.6,0.47,0.0,18306,2949,32.77,59,7489,0,0,0,4.55,7,3,0.386,22,0.791,86.7,84,75.0,81.9,0
TB000250,Blue Plus,2023-03-05,1268,BOS,30,0,2,5,20,355.09,8087.49,Blue Extra,0.465,7,0.35,0.366,0.129,25036,4652,51.69,96,14464,0,0,0,4.39,8,2,0.25,18,0.752,96.7,60,80.9,79.2,0
TB000251,Blue Plus,2023-06-23,1158,JFK,310,2,3,5,12,290.89,3267.37,Blue Basic,0.211,9,0.75,0.236,0.241,21372,4741,52.68,66,10717,0,2,0,3.2,7,5,0.676,4,0.45,65.6,60,32.7,52.8,1
TB000252,Blue Plus,2026-05-05,111,JFK,10,0,0,3,4,246.2,953.27,Blue Basic,0.337,4,1.0,0.682,0.119,16554,0,0.0,699,0,0,1,0,3.48,4,1,0.144,24,0.541,98.9,36,9.5,48.1,0
TB000253,Blue Plus,2017-07-03,3339,JFK,135,1,2,2,7,169.15,1284.07,Blue,0.318,6,0.857,0.234,0.131,8952,0,0.0,171,1857,0,0,0,4.15,5,1,0.141,19,0.632,85.0,24,12.8,40.6,0
TB000254,Blue,2020-10-05,2149,BOS,191,3,5,6,17,327.48,5779.25,Blue,0.472,6,0.353,0.202,0.183,18058,2051,22.79,54,6670,0,0,0,4.29,1,0,0.149,0,0.378,78.8,72,57.8,69.5,0
TB000255,Blue,2023-06-05,1176,JFK,49,0,0,3,8,235.24,1654.95,Blue Extra,0.307,4,0.5,0.294,0.169,11772,2279,25.32,267,0,0,1,0,4.07,4,0,0.0,0,0.179,94.6,36,16.5,49.0,0
TB000256,Blue,2017-03-19,3445,SJU,18,1,2,2,10,199.9,1769.95,Blue Basic,0.013,6,0.6,0.403,0.131,14926,1563,17.37,85,5552,0,2,1,3.39,7,2,0.354,14,0.551,98.0,24,17.7,46.6,0
TB000257,Blue,2019-09-21,2529,JFK,196,1,1,3,6,429.12,2511.05,Blue,0.0,4,0.667,0.161,0.17,6249,825,9.17,110,1839,0,0,0,3.74,7,2,0.247,26,0.347,78.2,36,25.1,46.4,0
TB000258,Blue Plus,2017-09-11,3269,BOS,152,2,2,4,17,333.13,4855.87,Blue,0.276,3,0.176,0.319,0.123,20341,1611,17.9,263,14339,0,0,0,4.5,3,2,0.657,13,0.009,83.1,48,48.6,59.9,0
TB000259,Blue Plus,2021-12-13,1715,JFK,265,3,3,6,8,287.71,1987.49,Blue Extra,0.41,6,0.75,0.495,0.165,11990,2758,30.64,645,3189,1,0,0,4.53,4,3,0.685,9,0.77,70.6,72,19.9,54.2,1
TB000260,Blue Plus,2025-04-02,509,JFK,20,2,4,4,15,269.39,3497.61,Blue Basic,0.167,4,0.267,0.44,0.13,10071,3887,43.19,12,15755,0,1,0,4.51,6,2,0.29,10,0.407,97.8,48,35.0,60.3,0
TB000261,Blue Plus,2017-06-10,3362,JFK,181,1,1,1,1,213.48,197.16,Mint,0.506,2,1.0,0.484,0.151,9278,0,0.0,1000,16295,1,1,0,3.36,4,0,0.0,12,0.002,79.9,12,2.0,31.3,1
TB000262,Mosaic,2024-12-30,602,SJU,13,3,6,10,11,401.47,4562.49,Mint,0.147,9,0.818,0.129,0.0,13566,1369,15.21,153,6863,0,1,0,3.05,9,7,0.735,27,0.436,98.6,100,45.6,81.4,0
TB000263,Mosaic,2022-09-03,1451,BOS,262,2,3,3,7,171.67,1049.38,Blue Basic,0.408,1,0.143,0.218,0.267,11832,0,0.0,56,5196,0,0,0,4.95,6,2,0.407,3,0.246,70.9,36,10.5,39.1,1
TB000264,Blue Plus,2018-07-16,2961,JFK,73,4,6,7,33,339.82,9655.74,Blue,0.169,4,0.121,0.424,0.29,6604,4694,52.16,87,2188,0,0,0,4.22,3,1,0.383,6,0.57,91.9,84,96.6,90.8,0
TB000265,Mosaic,2020-09-28,2156,BOS,42,2,4,5,17,389.39,7552.62,Blue,0.029,6,0.353,0.477,0.151,14960,1575,17.5,57,6876,0,1,0,4.81,7,3,0.359,20,0.831,95.3,60,75.5,76.9,0
TB000266,Mosaic,2017-02-21,3471,MCO,71,1,1,6,22,138.27,2791.55,Blue,0.585,4,0.182,0.403,0.209,10896,1571,17.46,127,9906,0,0,0,4.25,4,1,0.352,15,0.383,92.1,72,27.9,64.0,0
TB000267,Mosaic,2019-01-31,2762,BOS,10,1,1,1,14,352.79,4383.16,Mint,0.384,4,0.286,0.359,0.122,13915,1685,18.72,172,4882,0,1,1,4.92,7,1,0.145,18,0.135,98.9,12,43.8,51.6,0
TB000268,Blue,2026-04-30,116,JFK,131,1,1,1,1,169.01,144.98,Blue,0.247,3,1.0,0.313,0.133,9203,35,0.39,269,389,0,0,0,3.94,7,0,0.029,7,0.221,85.4,12,1.4,32.9,0
TB000269,Blue Plus,2016-10-15,3600,FLL,103,0,0,0,9,296.94,2755.3,Blue Basic,0.485,3,0.333,0.484,0.184,14375,0,0.0,172,4807,0,2,0,3.27,4,0,0.021,0,0.41,88.6,0,27.6,38.7,1
TB000270,Blue Plus,2019-01-14,2779,MCO,32,0,0,2,12,291.36,2975.75,Blue Basic,0.308,7,0.583,0.146,0.167,15140,0,0.0,116,0,0,2,1,4.04,6,1,0.169,7,0.104,96.4,24,29.8,50.1,0
TB000271,Blue,2018-06-29,2978,BOS,30,1,3,8,17,260.36,4498.49,Blue Basic,0.545,6,0.353,0.529,0.166,5487,3951,43.9,21,12020,0,0,0,4.55,9,1,0.113,0,0.902,96.7,96,45.0,79.2,0
TB000272,Blue,2025-02-05,565,MCO,5,4,7,12,13,335.43,4268.42,Blue,0.434,5,0.385,0.411,0.097,20650,4165,46.28,57,10581,0,0,0,3.97,5,1,0.237,19,0.619,99.4,100,42.7,80.7,0
TB000273,Blue,2022-10-23,1401,LAX,289,0,0,0,0,221.15,212.78,Blue,0.292,1,1.0,0.201,0.094,8197,0,0.0,87,6800,0,1,0,3.04,8,0,0.0,5,0.187,67.9,0,2.1,23.3,1
TB000274,Blue Plus,2024-09-05,718,JFK,39,3,6,8,8,360.7,2827.17,Blue,0.145,5,0.625,0.388,0.203,9024,859,9.54,17,10740,0,0,0,4.06,3,1,0.421,9,0.399,95.7,96,28.3,73.3,0
TB000275,Blue Plus,2022-02-26,1640,LAX,206,0,1,1,8,380.14,2710.73,Blue Extra,0.226,2,0.25,0.451,0.154,17064,0,0.0,105,210,0,1,0,2.72,6,2,0.346,6,0.274,77.1,12,27.1,38.7,1
TB000276,Blue,2015-12-04,3916,BOS,116,3,3,5,16,329.88,5825.63,Blue,0.408,4,0.25,0.204,0.182,7200,3438,38.2,26,7791,0,0,0,4.78,2,0,0.239,18,0.311,87.1,60,58.3,68.5,0
TB000277,Blue,2019-11-05,2484,JFK,250,1,3,4,15,279.76,4359.86,Blue,0.037,2,0.133,0.384,0.226,8090,1629,18.1,25,341,0,0,0,4.64,5,3,0.516,16,0.563,72.2,48,43.6,54.6,0
TB000278,Blue,2022-05-18,1559,JFK,50,4,6,9,9,329.05,2844.76,Blue Basic,0.089,10,1.0,0.382,0.182,8185,2143,23.81,10,20227,0,0,0,4.69,6,1,0.148,19,0.246,94.4,100,28.4,74.3,0
TB000279,Blue,2022-01-05,1692,BOS,86,0,1,1,7,241.12,1843.58,Blue,0.585,1,0.143,0.317,0.155,13823,1766,19.62,909,0,0,3,0,3.56,2,0,0.0,5,0.026,90.4,12,18.4,40.3,1
TB000280,Blue,2022-06-14,1532,MCO,198,1,5,7,17,397.14,6827.81,Blue,0.493,6,0.353,0.454,0.105,11942,1039,11.54,103,6413,0,0,0,4.58,3,1,0.378,14,0.366,78.0,84,68.3,76.8,0
TB000281,Blue,2016-03-16,3813,MCO,476,2,2,2,15,322.53,4587.02,Blue Extra,0.257,3,0.2,0.321,0.066,2920,1083,12.03,58,7283,0,0,0,4.59,6,1,0.141,0,0.175,47.1,24,45.9,39.0,1
TB000282,Blue Plus,2016-09-06,3639,JFK,5,2,2,2,9,191.0,1879.65,Blue,0.202,1,0.111,0.302,0.069,10558,1616,17.96,101,7841,0,1,0,3.55,6,2,0.358,11,0.444,99.4,24,18.8,47.4,0
TB000283,Mosaic,2024-05-25,821,JFK,7,0,3,7,14,419.55,5983.05,Blue Basic,0.259,10,0.714,0.41,0.188,15752,4005,44.5,28,8833,0,1,0,5.0,7,3,0.449,12,0.661,99.2,84,59.8,81.0,0
TB000284,Blue Plus,2015-05-12,4122,FLL,69,2,6,8,31,481.92,15387.11,Mint,0.16,3,0.097,0.266,0.249,19392,1804,20.04,236,3795,0,0,0,4.09,4,1,0.248,23,0.493,92.3,96,100,96.1,0
TB000285,Blue,2021-05-07,1935,JFK,3,3,5,10,20,417.34,7439.22,Blue,0.248,9,0.45,0.364,0.278,25001,3271,36.34,89,15102,0,0,0,4.53,5,3,0.635,11,0.678,99.7,100,74.4,91.4,0
TB000286,Blue Plus,2019-02-19,2743,JFK,8,2,7,7,17,214.63,3344.89,Blue Extra,0.172,5,0.294,0.478,0.187,14229,1807,20.08,1000,9556,1,0,0,3.82,4,2,0.401,20,0.206,99.1,84,33.4,72.2,0
TB000287,Blue Plus,2022-02-18,1648,FLL,35,2,3,7,10,288.12,3124.33,Blue Basic,0.401,5,0.5,0.226,0.165,8880,1277,14.19,28,14453,0,0,0,4.53,3,2,0.77,21,0.352,96.1,84,31.2,70.4,0
TB000288,Blue,2022-08-16,1469,SJU,96,2,2,5,11,312.4,3404.71,Blue Basic,0.278,5,0.455,0.077,0.16,26877,421,4.68,100,0,0,1,0,3.34,6,3,0.496,7,0.255,89.3,60,34.0,61.1,0
TB000289,Blue,2020-11-02,2121,SJU,59,0,0,0,5,328.47,1585.85,Blue,0.263,7,1.0,0.227,0.062,10284,76,0.84,56,0,0,1,0,2.23,3,1,0.38,11,0.411,93.4,0,15.9,36.4,0
TB000290,Blue,2017-08-24,3287,LAX,17,0,3,3,12,315.13,3999.19,Blue,0.0,3,0.25,0.33,0.017,20250,0,0.0,32,0,0,0,0,4.62,4,1,0.303,20,0.246,98.1,36,40.0,58.0,0
TB000291,Blue Plus,2015-07-15,4058,BOS,114,2,2,3,19,307.43,5621.52,Blue Extra,0.269,7,0.368,0.14,0.195,16000,3088,34.31,26,9209,0,0,0,4.84,4,1,0.251,6,0.521,87.3,36,56.2,59.8,0
TB000292,Blue Plus,2018-02-03,3124,JFK,3,2,3,7,19,328.93,5811.09,Mint,0.109,3,0.158,0.47,0.206,22865,2593,28.81,624,9567,1,0,0,4.28,7,1,0.139,26,0.719,99.7,84,58.1,80.6,0
TB000293,Blue,2017-08-17,3294,LAX,76,1,1,3,4,312.2,1333.18,Blue Extra,0.408,7,1.0,0.541,0.11,11380,3352,37.24,272,10791,0,0,0,4.48,5,0,0.0,0,0.225,91.6,36,13.3,47.0,1
TB000294,Blue,2019-04-07,2696,BOS,118,0,0,0,0,399.15,452.01,Blue,0.153,2,1.0,0.34,0.084,12181,2430,27.0,177,0,0,0,0,4.29,5,2,0.331,2,0.221,86.9,0,4.5,30.5,0
TB000295,Blue,2022-10-18,1406,SJU,13,1,2,4,17,526.51,9487.47,Blue Basic,0.237,7,0.412,0.518,0.072,19857,4637,51.52,19,14459,0,0,0,4.83,7,4,0.587,16,0.491,98.6,48,94.9,80.5,0
TB000296,Blue,2025-02-11,559,BOS,252,0,0,0,0,207.9,230.11,Blue Extra,0.302,5,1.0,0.434,0.197,6753,868,9.64,769,1986,1,1,0,3.25,4,1,0.13,5,0.15,72.0,0,2.3,24.8,1
TB000297,Blue,2023-09-25,1064,LAX,64,0,0,2,2,235.17,532.83,Blue Extra,0.153,3,1.0,0.458,0.244,10162,0,0.0,314,0,0,4,1,4.12,5,0,0.0,6,0.0,92.9,24,5.3,40.7,1
TB000298,Blue,2019-02-03,2759,FLL,163,3,5,6,16,215.77,3738.21,Blue Extra,0.215,4,0.25,0.501,0.144,10954,4648,51.64,551,9624,0,0,0,4.37,9,5,0.6,30,0.415,81.9,72,37.4,63.8,1
TB000299,Blue,2025-05-08,473,JFK,52,0,2,5,5,304.83,1361.75,Blue Basic,0.23,3,0.6,0.197,0.27,24151,4305,47.83,230,0,0,2,0,3.99,6,2,0.329,22,0.55,94.2,60,13.6,55.9,0
TB000300,Blue,2018-12-22,2802,BOS,315,0,0,0,0,249.37,263.43,Mint,0.267,1,1.0,0.392,0.0,1177,0,0.0,455,0,1,2,0,2.29,3,1,0.258,1,0.0,65.0,0,2.6,22.5,1
TB000301,Blue,2022-07-03,1513,JFK,388,3,3,3,3,264.5,879.72,Blue,0.157,3,1.0,0.21,0.116,6646,0,0.0,314,0,0,1,0,3.53,8,3,0.417,0,0.136,56.9,36,8.8,33.9,1
TB000302,Blue Plus,2016-07-14,3693,FLL,15,1,2,5,10,286.96,2469.3,Mint,0.104,6,0.6,0.094,0.24,19423,2415,26.83,450,0,0,0,0,4.01,6,2,0.332,4,0.569,98.3,60,24.7,61.0,0
TB000303,Blue,2021-11-09,1749,JFK,9,0,1,2,8,237.34,1690.36,Blue,0.187,3,0.375,0.432,0.178,587,3629,40.32,135,8899,0,1,0,3.02,3,2,0.539,13,0.507,99.0,24,16.9,46.6,0
TB000304,Blue Plus,2018-03-21,3078,BOS,161,0,2,6,7,346.41,2336.8,Mint,0.304,5,0.714,0.301,0.075,7521,1679,18.66,727,4400,0,0,0,4.47,6,2,0.331,5,0.475,82.1,72,23.4,59.2,1
TB000305,Blue Plus,2014-10-04,4342,JFK,230,0,0,2,13,202.22,2669.51,Blue,0.33,4,0.308,0.442,0.281,8678,0,0.0,145,11944,0,0,0,4.24,5,1,0.25,0,0.346,74.4,24,26.7,41.7,0
TB000306,Blue,2020-07-26,2220,LAX,150,3,5,6,11,325.28,3237.92,Mint,0.264,5,0.455,0.489,0.122,15269,0,0.0,15,9475,0,0,0,4.26,9,6,0.718,9,0.66,83.3,72,32.4,62.6,0
TB000307,Blue Plus,2025-04-11,500,BOS,190,2,4,6,15,333.17,5645.89,Blue Basic,0.0,7,0.467,0.212,0.212,24818,1575,17.5,124,6991,0,0,0,4.52,9,8,0.851,12,0.639,78.9,72,56.5,69.1,0
TB000308,Blue,2016-07-02,3705,SJU,96,2,3,5,32,433.56,13930.88,Mint,0.083,8,0.25,0.457,0.136,12847,648,7.2,121,14097,0,0,0,4.19,6,5,0.832,18,0.287,89.3,60,100,83.1,0
TB000309,Blue,2015-01-01,4253,FLL,90,1,1,1,10,373.08,3538.91,Blue,0.578,5,0.5,0.337,0.156,9101,2451,27.23,148,11927,0,0,0,4.54,5,2,0.367,5,0.227,90.0,12,35.4,45.8,0
TB000310,Blue,2022-06-24,1522,LAX,900,0,0,0,8,335.16,2283.76,Blue Extra,0.278,3,0.375,0.466,0.17,8863,0,0.0,50,6444,0,2,0,3.16,8,0,0.0,2,0.217,0,0,22.8,7.6,1
TB000311,Blue,2017-08-06,3305,SJU,592,0,0,0,0,187.78,168.38,Blue,0.362,1,1.0,0.204,0.196,10854,86,0.96,142,5514,0,2,0,2.64,4,0,0.0,3,0.03,34.2,0,1.7,12.0,1
TB000312,Blue,2016-12-09,3545,JFK,195,3,4,4,23,498.97,11790.29,Blue,0.259,7,0.304,0.338,0.202,14807,2586,28.73,35,11960,0,0,0,3.89,5,3,0.545,12,0.373,78.3,48,100,75.4,0
TB000313,Blue,2025-05-28,453,BOS,57,2,2,5,5,303.38,1307.97,Blue Basic,0.274,3,0.6,0.319,0.257,7105,2174,24.16,159,4331,0,1,0,2.93,2,1,0.419,15,0.407,93.7,60,13.1,55.6,0
TB000314,Blue,2018-03-25,3074,MCO,132,2,4,6,10,245.06,2113.18,Mint,0.472,2,0.2,0.273,0.0,19198,2832,31.47,85,3979,0,0,0,4.69,9,4,0.464,12,0.252,85.3,72,21.1,59.5,0
TB000315,Blue,2018-10-10,2875,FLL,114,1,3,4,6,416.05,2499.2,Blue Basic,0.047,4,0.667,0.276,0.344,30405,4177,46.41,26,11951,0,0,0,4.03,5,3,0.65,19,0.278,87.3,48,25.0,53.4,0
TB000316,Blue,2020-06-22,2254,LAX,130,1,2,3,15,271.05,4070.41,Blue Extra,0.25,9,0.6,0.311,0.052,13207,2348,26.09,56,9963,0,1,0,4.03,5,2,0.406,0,0.357,85.6,36,40.7,54.1,1
TB000317,Blue,2026-07-14,41,JFK,781,0,0,5,7,223.42,1392.04,Blue Extra,0.178,9,1.0,0.388,0.1,12747,985,10.94,1000,0,0,0,0,4.54,5,1,0.199,0,0.065,13.2,60,13.9,29.0,1
TB000318,Blue,2021-12-10,1718,BOS,41,1,1,1,6,281.94,1555.49,Blue Extra,0.037,8,1.0,0.217,0.152,14825,1321,14.68,152,11011,0,0,0,4.43,7,5,0.65,2,0.355,95.4,12,15.6,41.0,0
TB000319,Blue Plus,2016-12-31,3523,JFK,422,4,7,10,21,218.75,4736.1,Blue,0.528,6,0.286,0.489,0.251,12425,5853,65.03,149,8212,0,0,0,4.63,3,2,0.563,0,0.487,53.1,100,47.4,66.8,1
TB000320,Blue,2016-08-07,3669,JFK,84,0,1,5,17,394.55,5743.92,Blue Basic,0.188,5,0.294,0.516,0.287,19796,2462,27.36,28,5222,0,0,0,4.79,4,3,0.659,2,0.469,90.7,60,57.4,69.4,0
TB000321,Blue Plus,2024-04-13,863,FLL,5,2,3,7,12,354.58,3672.05,Blue Basic,0.101,7,0.583,0.321,0.109,14162,1857,20.63,155,8521,0,0,0,5.0,4,3,0.84,10,0.501,99.4,84,36.7,73.4,0
TB000322,Mosaic,2023-03-26,1247,SJU,11,1,1,4,18,345.06,5490.28,Blue,0.214,5,0.278,0.426,0.148,12418,3755,41.72,55,7734,0,0,0,4.6,4,2,0.588,5,0.507,98.8,48,54.9,67.2,0
TB000323,Blue,2015-07-08,4065,JFK,141,0,0,0,0,157.66,169.4,Blue Extra,0.337,2,1.0,0.262,0.219,7370,873,9.7,949,0,0,3,1,1.55,6,0,0.0,0,0.012,84.3,0,1.7,28.7,1
TB000324,Blue Plus,2023-06-23,1158,FLL,6,4,6,6,10,394.97,3482.86,Blue,0.01,8,0.8,0.462,0.164,20148,3560,39.56,46,12560,0,0,0,4.77,9,5,0.558,6,0.517,99.3,72,34.8,68.7,0
TB000325,Blue Plus,2026-04-08,138,LAX,287,2,5,7,7,315.48,2428.76,Blue,0.393,3,0.429,0.474,0.104,11658,634,7.04,31,14581,0,0,0,4.7,5,2,0.436,23,0.408,68.1,84,24.3,58.8,1
TB000326,Blue,2024-10-31,662,SJU,45,0,0,0,7,419.19,3063.42,Blue Basic,0.297,6,0.857,0.446,0.161,11831,2182,24.24,149,8181,0,0,0,3.96,5,3,0.554,14,0.607,95.0,0,30.6,41.9,0
TB000327,Blue,2015-09-18,3993,BOS,265,2,5,7,22,406.06,8115.61,Blue Extra,0.175,1,0.045,0.225,0.299,8291,2614,29.04,188,19682,0,0,0,3.7,6,3,0.57,16,0.442,70.6,84,81.2,78.6,0
TB000328,Blue,2021-05-15,1927,FLL,56,1,3,4,19,359.28,7294.72,Blue,0.341,6,0.316,0.29,0.214,21273,1859,20.66,164,11570,0,0,0,4.64,8,5,0.636,19,0.417,93.8,48,72.9,71.6,0
TB000329,Blue,2023-05-14,1198,SJU,299,0,2,2,2,306.3,551.9,Blue Basic,0.443,6,1.0,0.414,0.177,13217,854,9.49,128,6399,0,2,0,3.79,6,2,0.292,10,0.461,66.8,24,5.5,32.1,1
TB000330,Blue,2023-09-03,1086,JFK,233,1,1,2,2,273.62,609.2,Mint,0.708,5,1.0,0.345,0.09,8389,777,8.63,616,2359,1,2,1,2.51,7,2,0.349,10,0.0,74.1,24,6.1,34.7,1
TB000331,Blue,2024-08-21,733,BOS,448,2,2,5,5,324.88,1547.61,Blue,0.317,8,1.0,0.344,0.172,16785,3505,38.94,193,6563,0,1,0,2.4,9,2,0.224,18,0.331,50.2,60,15.5,41.9,1
TB000332,Blue,2017-01-29,3494,JFK,14,3,5,7,14,381.64,5938.09,Blue,0.218,3,0.214,0.566,0.245,6102,3871,43.01,40,2416,0,1,0,3.3,4,1,0.242,3,0.276,98.4,84,59.4,80.6,0
TB000333,Mosaic,2022-02-10,1656,FLL,19,3,3,11,27,363.0,10497.03,Blue,0.297,9,0.333,0.245,0.15,21343,1332,14.8,9,8901,0,0,0,5.0,4,2,0.41,11,0.564,97.9,100,100,99.3,0
TB000334,Blue,2022-05-10,1567,LAX,43,1,1,3,18,193.15,3556.84,Blue Basic,0.319,3,0.167,0.109,0.148,5399,0,0.0,194,0,0,2,0,1.93,5,1,0.259,8,0.117,95.2,36,35.6,55.6,1
TB000335,Blue,2016-10-15,3600,JFK,305,2,2,3,3,129.11,428.81,Mint,0.345,2,0.667,0.258,0.095,0,738,8.2,922,7605,0,2,0,3.56,6,0,0.0,6,0.016,66.1,36,4.3,35.5,1
TB000336,Blue Plus,2016-01-13,3876,LAX,92,2,2,5,18,288.64,5033.12,Mint,0.255,4,0.222,0.418,0.107,22706,780,8.67,43,11137,0,2,0,4.41,6,2,0.263,27,0.616,89.8,60,50.3,66.7,0
TB000337,Blue Plus,2016-12-02,3552,SJU,24,5,5,5,20,255.87,4547.63,Blue,0.339,5,0.25,0.222,0.141,23009,3974,44.16,109,1090,0,0,0,4.81,3,1,0.394,23,0.523,97.3,60,45.5,67.6,0
TB000338,Blue Plus,2016-10-02,3613,SJU,3,3,4,5,31,386.52,10275.71,Blue Extra,0.412,7,0.226,0.418,0.257,19695,4469,49.66,55,10385,0,0,0,4.28,7,5,0.679,21,0.62,99.7,60,100,86.6,0
TB000339,Blue,2024-03-30,877,JFK,3,4,7,11,16,419.37,7403.64,Blue Extra,0.22,8,0.5,0.231,0.198,15929,2728,30.31,18,18406,0,0,0,4.27,6,3,0.463,36,0.48,99.7,100,74.0,91.2,0
TB000340,Blue,2023-12-08,990,FLL,13,2,3,4,13,482.81,7079.77,Blue Basic,0.232,8,0.615,0.374,0.225,20180,3281,36.46,4,19967,0,0,0,4.72,7,4,0.628,23,0.543,98.6,48,70.8,72.5,0
TB000341,Blue,2015-06-12,4091,FLL,817,1,1,2,6,101.46,693.11,Blue Basic,0.403,1,0.167,0.431,0.0,0,237,2.63,237,0,0,0,0,4.11,4,0,0.0,4,0.0,9.2,24,6.9,13.4,1
TB000342,Mosaic,2022-10-24,1400,JFK,5,1,1,5,21,297.5,6304.66,Blue,0.405,10,0.476,0.379,0.077,26878,4467,49.63,13,12565,0,0,0,4.48,6,3,0.494,27,0.69,99.4,60,63.0,74.1,0
TB000343,Blue,2017-12-01,3188,JFK,40,2,2,2,19,256.97,5133.4,Blue,0.135,2,0.105,0.306,0.214,15232,4353,48.37,154,12428,0,1,1,3.77,7,1,0.114,17,0.286,95.6,24,51.3,57.0,0
TB000344,Blue,2026-06-17,68,LAX,189,1,1,5,6,330.89,2071.57,Blue Basic,0.465,8,1.0,0.319,0.282,8657,3654,40.6,52,4119,0,0,0,4.35,3,2,0.738,0,0.553,79.0,60,20.7,53.2,0
TB000345,Blue,2025-11-28,269,JFK,19,4,8,9,9,275.28,2171.31,Blue Extra,0.361,2,0.222,0.571,0.085,12749,4815,53.5,21,9751,0,0,0,4.24,8,3,0.436,6,0.433,97.9,100,21.7,73.2,0
TB000346,Blue,2023-09-25,1064,LAX,151,2,5,5,5,220.31,1108.74,Blue Basic,0.104,5,1.0,0.265,0.267,12064,2876,31.96,82,12541,0,1,0,2.82,3,1,0.316,12,0.372,83.2,60,11.1,51.4,0
TB000347,Mosaic,2021-09-19,1800,BOS,101,1,1,5,11,230.97,2398.41,Mint,0.21,2,0.182,0.422,0.121,1699,5034,55.93,418,0,1,0,0,4.46,7,1,0.193,26,0.307,88.8,60,24.0,57.6,0
TB000348,Blue,2024-02-04,932,JFK,30,4,7,9,9,321.73,3266.43,Blue Basic,0.185,5,0.556,0.31,0.149,12335,2708,30.09,206,6267,0,0,0,4.39,7,1,0.145,6,0.21,96.7,100,32.7,76.5,0
TB000349,Blue,2020-12-24,2069,BOS,5,1,3,5,15,349.58,4813.4,Blue,0.21,4,0.267,0.392,0.296,12289,883,9.81,26,11098,0,1,0,3.77,6,4,0.605,30,0.269,99.4,60,48.1,69.2,0
TB000350,Blue,2021-03-19,1984,FLL,18,3,4,8,23,320.09,7202.88,Blue Basic,0.546,5,0.217,0.249,0.009,1806,353,3.92,120,4267,0,0,0,5.0,8,0,0.0,4,0.546,98.0,96,72.0,88.7,0
TB000351,Blue Plus,2023-04-12,1230,LAX,194,1,1,4,4,387.75,1627.03,Blue Basic,0.0,6,1.0,0.287,0.0,15838,0,0.0,378,5597,0,0,0,4.25,3,3,0.951,16,0.554,78.4,48,16.3,47.6,0
TB000352,Blue Plus,2015-05-26,4108,BOS,33,3,4,7,38,465.7,17047.73,Blue Basic,0.173,10,0.263,0.594,0.137,24566,6336,70.4,17,7756,0,1,0,4.08,7,2,0.31,13,0.623,96.3,84,100,93.4,0
TB000353,Blue,2018-10-13,2872,LAX,139,4,4,4,17,393.01,6929.3,Blue,0.25,5,0.294,0.385,0.152,8225,3340,37.11,14,2519,0,2,0,3.82,6,1,0.139,13,0.406,84.6,48,69.3,67.3,0
TB000354,Blue,2023-02-01,1300,JFK,6,2,4,4,14,359.83,4330.54,Mint,0.213,10,0.714,0.073,0.248,21736,3924,43.6,21,8263,0,1,0,3.69,8,4,0.503,13,0.686,99.3,48,43.3,63.5,0
TB000355,Blue Plus,2024-08-23,731,SJU,108,4,6,10,13,262.81,3443.76,Blue,0.05,4,0.308,0.226,0.167,5822,2426,26.96,6,0,0,0,0,3.91,7,1,0.162,5,0.324,88.0,100,34.4,74.1,0
TB000356,Blue Plus,2019-12-26,2433,BOS,2,3,4,5,19,327.75,6860.93,Blue Basic,0.145,13,0.684,0.323,0.181,17265,5163,57.37,12,21143,0,0,0,4.2,3,2,0.728,21,0.752,99.8,60,68.6,76.1,0
TB000357,Blue,2021-07-20,1861,BOS,11,1,1,1,17,320.94,5658.39,Blue Basic,0.304,7,0.412,0.26,0.143,17551,3116,34.62,68,0,0,1,0,3.5,6,3,0.536,32,0.494,98.8,12,56.6,55.8,0
TB000358,Blue,2023-10-20,1039,BOS,51,1,2,2,7,316.48,2246.38,Blue,0.261,6,0.857,0.285,0.198,0,2560,28.44,211,4033,0,1,0,3.55,7,1,0.09,3,0.046,94.3,24,22.5,46.9,0
TB000359,Blue,2018-08-11,2935,BOS,93,2,3,11,18,453.15,8164.54,Blue,0.186,5,0.278,0.381,0.191,12045,1278,14.2,61,11957,0,0,0,4.63,3,2,0.561,15,0.595,89.7,100,81.6,90.4,0
TB000360,Blue,2022-07-09,1507,FLL,459,0,0,0,0,322.76,308.05,Blue,0.306,2,1.0,0.37,0.268,0,153,1.7,161,1692,0,3,0,2.86,5,1,0.261,0,0.0,49.0,0,3.1,17.4,1
TB000361,Blue,2025-03-05,537,MCO,343,0,3,5,5,208.95,1177.5,Blue,0.235,2,0.4,0.397,0.238,8985,628,6.98,335,0,0,1,0,3.52,6,2,0.361,8,0.382,61.9,60,11.8,44.6,1
TB000362,Mosaic,2017-05-31,3372,SJU,90,0,0,0,5,183.15,830.62,Blue Basic,0.381,1,0.2,0.237,0.081,10631,1635,18.17,162,2507,0,1,1,3.34,4,1,0.314,10,0.132,90.0,0,8.3,32.8,0
TB000363,Blue Plus,2020-01-24,2404,JFK,90,2,6,10,22,355.25,7992.18,Blue Extra,0.388,5,0.227,0.239,0.082,22439,1616,17.96,284,18509,0,0,0,4.91,6,4,0.619,32,0.594,90.0,100,79.9,90.0,0
TB000364,Blue,2019-03-04,2730,JFK,119,1,3,6,29,331.4,10196.15,Blue Extra,0.63,8,0.276,0.215,0.086,23811,3993,44.37,231,10308,0,0,0,4.96,6,2,0.402,10,0.437,86.8,72,100,86.3,0
TB000365,Blue,2026-01-31,205,FLL,212,1,3,7,7,375.11,2246.16,Blue,0.149,6,0.857,0.236,0.186,17211,3334,37.04,429,12940,1,0,0,4.37,6,2,0.392,22,0.417,76.4,84,22.5,61.0,1
TB000366,Blue,2025-07-15,405,LAX,180,1,2,3,6,337.58,1748.22,Blue,0.198,4,0.667,0.433,0.209,8086,242,2.69,15,10891,0,0,0,4.3,2,1,0.673,2,0.257,80.0,36,17.5,44.5,0
TB000367,Blue,2020-01-01,2427,FLL,261,1,1,5,17,362.74,6001.62,Mint,0.188,6,0.353,0.429,0.069,11581,4161,46.23,20,6467,0,0,0,4.79,6,1,0.09,18,0.452,71.0,60,60.0,63.7,0
TB000368,Blue,2020-07-02,2244,FLL,294,2,4,6,7,246.89,1916.32,Blue,0.372,5,0.714,0.271,0.067,10796,1454,16.16,327,18241,0,0,0,4.51,4,2,0.378,4,0.331,67.3,72,19.2,52.8,1
TB000369,Mosaic,2016-10-30,3585,JFK,52,1,3,3,11,351.33,4366.03,Blue Basic,0.385,7,0.636,0.21,0.104,15451,3394,37.71,14,11625,0,0,0,4.55,6,5,0.751,1,0.698,94.2,36,43.7,58.0,0
TB000370,Blue,2018-12-29,2795,FLL,55,1,2,4,6,202.53,1037.4,Blue,0.125,1,0.167,0.329,0.155,12946,1726,19.18,104,879,0,0,0,4.06,7,5,0.666,17,0.0,93.9,48,10.4,50.8,0
TB000371,Blue,2020-10-11,2143,BOS,302,0,2,5,15,371.8,4823.4,Blue Basic,0.486,6,0.4,0.319,0.139,12119,1475,16.39,253,6578,0,1,0,3.96,4,1,0.289,0,0.328,66.4,60,48.2,58.2,1
TB000372,Blue,2015-02-07,4216,JFK,93,2,4,4,25,361.28,8444.25,Blue Basic,0.134,5,0.2,0.443,0.103,19173,2004,22.27,4,5024,0,1,1,3.47,5,2,0.461,20,0.382,89.7,48,84.4,74.0,0
TB000373,Blue,2018-11-06,2848,JFK,75,1,2,3,15,264.32,4506.21,Mint,0.427,6,0.4,0.291,0.14,23406,863,9.59,111,5393,0,0,0,4.39,7,1,0.074,7,0.35,91.7,36,45.1,57.6,0
TB000374,Blue,2021-05-21,1921,MCO,33,0,0,3,8,174.28,1332.33,Blue,0.515,1,0.125,0.231,0.176,0,0,0.0,49,0,0,1,0,2.6,5,0,0.08,9,0.109,96.3,36,13.3,48.5,0
TB000375,Blue,2023-03-28,1245,FLL,369,0,3,3,7,234.84,1527.19,Blue,0.538,2,0.286,0.505,0.039,11122,961,10.68,25,0,0,1,0,2.73,6,1,0.093,0,0.143,59.0,36,15.3,36.8,1
TB000376,Blue,2019-01-06,2787,BOS,900,0,3,4,4,288.84,1123.78,Blue,0.374,2,0.5,0.29,0.026,6574,0,0.0,559,0,1,1,0,2.74,4,0,0.102,9,0.172,0,48,11.2,19.7,1
TB000377,Blue,2021-05-10,1932,MCO,145,2,4,4,12,233.72,2655.55,Blue,0.314,5,0.417,0.262,0.177,15036,796,8.84,101,8297,0,1,0,3.49,7,3,0.434,7,0.26,83.9,48,26.6,52.8,0
TB000378,Blue Plus,2020-04-25,2312,JFK,169,2,3,4,24,259.23,6295.86,Blue Extra,0.52,6,0.25,0.283,0.198,21355,2143,23.81,74,13723,0,1,0,3.51,1,1,0.76,26,0.403,81.2,48,63.0,64.1,0
TB000379,Blue Plus,2020-04-26,2311,BOS,56,1,4,7,14,266.98,3745.64,Blue Basic,0.132,4,0.286,0.322,0.083,19228,1496,16.62,473,9065,0,0,0,4.07,2,1,0.658,15,0.481,93.8,84,37.5,71.8,0
TB000380,Blue,2021-08-17,1833,JFK,29,0,2,2,5,320.08,1780.86,Mint,0.437,2,0.4,0.222,0.187,3658,88,0.98,9,2366,0,0,0,4.3,4,1,0.133,17,0.598,96.8,24,17.8,46.2,0
TB000381,Blue,2020-01-05,2423,BOS,196,0,0,0,4,310.01,1412.25,Blue Extra,0.303,2,0.5,0.269,0.255,15113,2539,28.21,102,11894,0,2,0,3.43,3,1,0.322,0,0.18,78.2,0,14.1,30.8,1
TB000382,Blue Plus,2015-03-08,4187,BOS,49,4,4,5,20,291.32,6366.56,Blue,0.233,7,0.35,0.335,0.078,17492,1475,16.39,67,5820,0,0,0,4.65,8,6,0.715,11,0.368,94.6,60,63.7,72.8,0
TB000383,Mosaic,2026-02-03,202,JFK,84,2,6,6,6,335.18,2022.33,Blue,0.253,8,1.0,0.405,0.105,20703,0,0.0,38,12113,0,1,0,4.09,6,4,0.588,15,0.371,90.7,72,20.2,61.0,0
TB000384,Blue Plus,2019-10-21,2499,BOS,23,3,7,10,25,345.89,8389.78,Blue Extra,0.413,5,0.2,0.522,0.207,19471,1947,21.63,1,15940,0,0,0,4.88,8,5,0.634,14,0.497,97.4,100,83.9,93.8,0
TB000385,Blue Plus,2015-01-27,4227,LAX,78,0,4,9,19,294.22,5472.01,Blue Basic,0.153,6,0.316,0.474,0.096,13657,2523,28.03,119,3147,0,1,0,4.05,6,4,0.584,11,0.419,91.3,100,54.7,82.0,0
TB000386,Blue,2019-08-07,2574,MCO,828,2,3,4,12,199.13,2210.32,Blue Basic,0.175,2,0.167,0.48,0.184,485,2431,27.01,539,12824,0,1,0,3.13,7,0,0.0,2,0.0,8.0,48,22.1,26.0,1
TB000387,Blue Plus,2016-03-20,3809,FLL,289,0,2,3,21,363.13,7341.33,Blue Extra,0.395,8,0.381,0.429,0.303,22037,4051,45.01,137,1742,0,0,0,5.0,9,3,0.32,12,0.732,67.9,36,73.4,59.1,1
TB000388,Blue,2020-06-26,2250,BOS,119,0,0,0,0,219.85,227.37,Blue Extra,0.206,3,1.0,0.376,0.219,6712,0,0.0,911,7374,1,3,0,3.35,8,1,0.146,4,0.134,86.8,0,2.3,29.7,1
TB000389,Blue Plus,2016-04-12,3786,JFK,87,2,4,7,16,297.88,4950.27,Mint,0.216,9,0.562,0.262,0.115,8776,1049,11.66,55,0,0,0,0,4.7,6,2,0.344,5,0.378,90.3,84,49.5,74.6,0
TB000390,Blue,2017-12-22,3167,BOS,194,2,2,6,17,190.88,3219.07,Blue Basic,0.392,1,0.059,0.5,0.103,13371,2534,28.16,1,18128,0,2,1,3.47,4,0,0.038,8,0.245,78.4,72,32.2,60.9,1
TB000391,Blue,2017-12-01,3188,JFK,317,0,0,2,7,261.43,1646.71,Blue,0.263,6,0.857,0.221,0.116,13508,0,0.0,192,737,0,1,1,2.91,7,1,0.136,0,0.361,64.8,24,16.5,35.1,1
TB000392,Blue,2022-04-13,1594,JFK,261,1,3,4,7,274.42,1811.67,Blue Basic,0.207,5,0.714,0.325,0.137,9439,3209,35.66,11,3667,0,0,0,3.75,2,1,0.438,0,0.751,71.0,48,18.1,45.7,0
TB000393,Blue,2015-07-27,4046,BOS,101,3,4,5,16,403.63,6871.35,Blue Extra,0.368,9,0.562,0.147,0.225,23150,3333,37.03,8,15055,0,1,0,4.14,8,7,0.824,16,0.534,88.8,60,68.7,72.5,0
TB000394,Blue,2018-05-08,3030,LAX,165,0,1,1,9,224.46,2021.06,Blue Extra,0.49,3,0.333,0.208,0.073,0,1150,12.78,793,4829,0,1,0,3.28,7,0,0.044,0,0.108,81.7,12,20.2,38.0,1
TB000395,Blue,2022-06-21,1525,MCO,144,0,3,3,8,255.7,1968.6,Blue Basic,0.252,3,0.375,0.347,0.019,9768,3213,35.7,73,4952,0,2,0,3.78,4,2,0.492,31,0.332,84.0,36,19.7,46.6,1
TB000396,Blue Plus,2018-08-07,2939,JFK,191,0,0,2,9,263.86,2613.2,Blue,0.183,4,0.444,0.225,0.27,11865,581,6.46,302,0,0,1,0,4.38,7,2,0.256,17,0.368,78.8,24,26.1,43.0,1
TB000397,Blue,2022-05-20,1557,BOS,92,1,1,1,6,209.26,1106.63,Blue,0.381,2,0.333,0.262,0.25,18813,2907,32.3,117,0,0,1,1,3.39,3,0,0.0,1,0.0,89.8,12,11.1,37.6,1
TB000398,Blue Plus,2018-03-12,3087,JFK,99,0,4,6,14,411.65,6501.16,Blue Basic,0.181,5,0.357,0.29,0.124,12827,2563,28.48,238,2663,0,0,0,4.99,5,2,0.44,17,0.292,89.0,72,65.0,75.3,0
TB000399,Blue Plus,2023-05-24,1188,MCO,17,0,2,4,12,308.29,3233.76,Blue Basic,0.258,7,0.583,0.437,0.234,15166,2435,27.06,23,14991,0,1,0,3.99,8,2,0.284,21,0.471,98.1,48,32.3,59.5,0
TB000400,Blue,2019-06-05,2637,JFK,225,1,4,4,11,240.81,2564.56,Blue Basic,0.02,5,0.455,0.379,0.258,13058,532,5.91,85,10390,0,0,0,4.51,1,0,0.27,7,0.398,75.0,48,25.6,49.5,1
TB000401,Blue,2018-12-13,2811,BOS,31,1,1,5,7,280.81,2233.99,Blue Basic,0.14,6,0.857,0.301,0.157,9402,875,9.72,509,5500,1,1,0,2.77,7,0,0.0,10,0.078,96.6,60,22.3,59.6,1
TB000402,Blue Plus,2020-10-06,2148,JFK,208,1,4,4,13,228.76,3280.93,Mint,0.325,6,0.462,0.234,0.134,12096,1490,16.56,70,15063,0,0,0,4.74,9,3,0.355,4,0.52,76.9,48,32.8,52.6,0
TB000403,Blue Plus,2015-08-02,4040,BOS,135,1,1,4,12,214.69,2208.02,Blue Basic,0.222,7,0.583,0.273,0.251,7935,1204,13.38,7,6545,0,0,0,4.65,6,2,0.302,0,0.256,85.0,48,22.1,51.7,0
TB000404,Blue,2021-02-02,2029,BOS,53,1,4,4,19,413.48,6767.94,Blue,0.155,4,0.211,0.102,0.301,31094,5131,57.01,41,10871,0,0,0,4.79,5,2,0.363,6,0.683,94.1,48,67.7,69.9,0
TB000405,Blue Plus,2022-04-08,1599,FLL,277,0,0,0,0,184.17,188.22,Blue Basic,0.445,1,1.0,0.32,0.268,0,0,0.0,442,328,0,2,1,2.53,6,0,0.031,12,0.235,69.2,0,1.9,23.7,1
TB000406,Blue Plus,2026-02-27,178,SJU,130,0,1,1,1,328.44,337.82,Blue,0.07,6,1.0,0.29,0.212,6798,2689,29.88,255,9531,0,2,0,3.6,6,4,0.677,0,0.252,85.6,12,3.4,33.7,0
TB000407,Blue Plus,2021-11-28,1730,JFK,45,0,1,1,4,329.27,1350.64,Blue,0.11,5,1.0,0.351,0.085,13014,0,0.0,80,2065,0,0,0,4.69,5,1,0.278,16,0.501,95.0,12,13.5,40.2,0
TB000408,Blue,2017-07-27,3315,JFK,54,0,1,1,7,168.34,1236.44,Blue,0.158,1,0.143,0.369,0.23,9139,0,0.0,771,10673,1,3,1,3.76,3,0,0.029,0,0.392,94.0,12,12.4,39.5,1
TB000409,Blue,2017-03-08,3456,BOS,236,1,2,4,15,234.31,3759.43,Mint,0.261,4,0.267,0.232,0.0,15795,1162,12.91,515,0,1,2,0,1.99,6,1,0.165,14,0.164,73.8,48,37.6,53.1,1
TB000410,Blue Plus,2025-02-10,560,SJU,52,1,3,8,19,345.6,7497.79,Blue,0.389,8,0.421,0.532,0.024,16072,5143,57.14,8,9330,0,0,0,4.1,7,2,0.277,17,0.559,94.2,96,75.0,88.4,0
TB000411,Blue,2023-11-07,1021,JFK,801,0,0,0,3,266.37,873.83,Blue Extra,0.272,4,1.0,0.32,0.056,7413,388,4.31,31,8572,0,1,0,3.42,5,2,0.387,16,0.135,11.0,0,8.7,6.6,1
TB000412,Blue,2021-11-07,1751,LAX,190,2,2,4,9,195.61,1677.28,Blue,0.191,7,0.778,0.203,0.105,12185,1006,11.18,74,7401,0,1,0,3.06,10,5,0.472,20,0.182,78.9,48,16.8,47.9,0
TB000413,Blue Plus,2023-09-06,1083,JFK,42,3,4,5,10,400.19,4103.03,Blue Basic,0.189,3,0.3,0.095,0.175,24130,2343,26.03,105,2006,0,0,0,3.84,9,2,0.224,2,0.305,95.3,60,41.0,65.4,0
TB000414,Blue,2025-02-10,560,MCO,48,2,2,6,9,190.75,1642.84,Blue,0.564,2,0.222,0.344,0.074,18722,1943,21.59,781,414,0,1,0,3.07,5,2,0.324,0,0.176,94.7,72,16.4,61.0,1
TB000415,Blue,2022-06-20,1526,BOS,54,0,0,0,10,292.06,2966.14,Blue Basic,0.392,7,0.7,0.403,0.126,8905,2423,26.92,73,5491,0,0,0,5.0,8,5,0.585,12,0.432,94.0,0,29.7,41.2,0
TB000416,Blue,2015-11-21,3929,BOS,30,3,3,5,10,264.76,2339.04,Blue Extra,0.269,4,0.4,0.441,0.147,9792,2936,32.62,168,4547,0,1,0,3.34,4,1,0.212,11,0.331,96.7,60,23.4,60.0,0
TB000417,Blue,2024-01-24,943,BOS,13,2,2,9,11,406.6,3889.68,Blue,0.085,12,1.0,0.25,0.252,20732,2616,29.07,3,12586,0,0,0,4.27,9,3,0.301,22,0.693,98.6,100,38.9,79.2,0
TB000418,Blue,2019-04-21,2682,LAX,129,4,7,7,25,478.52,13689.82,Blue,0.295,3,0.12,0.362,0.212,26222,1612,17.91,53,6094,0,1,0,3.64,7,1,0.159,10,0.838,85.7,84,100,89.9,0
TB000419,Mosaic,2017-05-25,3378,JFK,598,3,4,5,13,256.33,3548.89,Blue Basic,0.179,6,0.462,0.28,0.241,13192,2832,31.47,153,8078,0,0,0,4.52,7,0,0.0,12,0.0,33.6,60,35.5,43.0,1
TB000420,Mosaic,2017-10-25,3225,BOS,95,0,1,5,13,329.76,4466.45,Blue Basic,0.029,8,0.615,0.106,0.179,27619,3919,43.54,254,12595,0,0,0,4.06,4,1,0.156,8,0.287,89.4,60,44.7,64.7,0
TB000421,Blue,2014-08-27,4380,MCO,16,0,2,2,16,242.13,4405.45,Blue,0.279,2,0.125,0.404,0.232,9367,2803,31.14,166,7171,0,0,0,4.5,5,3,0.575,19,0.301,98.2,24,44.1,55.4,0
TB000422,Mosaic,2014-09-18,4358,BOS,9,4,4,4,38,369.52,13313.29,Blue,0.172,9,0.237,0.335,0.047,29313,3078,34.2,22,15490,0,0,0,5.0,8,1,0.115,3,0.603,99.0,48,100,82.3,0
TB000423,Blue,2020-05-09,2298,JFK,900,0,0,1,4,259.65,1024.28,Blue Extra,0.32,1,0.25,0.268,0.189,310,0,0.0,3,0,0,2,0,1.72,4,0,0.0,0,0.156,0,12,10.2,7.4,1
TB000424,Blue,2023-02-21,1280,MCO,51,2,5,8,13,306.86,3543.18,Blue,0.535,7,0.538,0.306,0.105,22591,6048,67.2,50,16279,0,0,0,5.0,6,3,0.458,10,0.414,94.3,96,35.4,75.2,0
TB000425,Blue,2021-11-20,1738,MCO,109,1,2,4,8,232.92,1681.74,Blue Extra,0.285,3,0.375,0.451,0.214,1371,0,0.0,110,10523,0,4,0,2.88,7,3,0.379,12,0.513,87.9,48,16.8,50.9,1
TB000426,Blue,2024-04-27,849,LAX,481,2,2,4,4,449.66,1574.41,Blue,0.193,4,1.0,0.317,0.0,17880,1451,16.12,69,9415,0,1,1,2.78,6,0,0.0,0,0.142,46.6,48,15.7,36.8,1
TB000427,Blue,2023-01-12,1320,JFK,143,1,3,7,7,221.34,1746.9,Blue Extra,0.387,4,0.571,0.165,0.026,9716,2765,30.72,403,0,1,3,0,3.51,5,0,0.055,15,0.191,84.1,84,17.5,61.9,1
TB000428,Mosaic,2021-07-27,1854,BOS,2,4,4,7,21,341.52,6385.32,Blue,0.115,6,0.286,0.425,0.114,15694,5176,57.51,94,10675,0,0,0,3.75,6,3,0.506,18,0.33,99.8,84,63.9,82.6,0
TB000429,Blue Plus,2024-09-20,703,LAX,43,0,0,0,2,416.35,783.01,Blue Extra,0.06,6,1.0,0.354,0.108,5705,3254,36.16,153,9047,0,0,0,4.83,4,2,0.507,14,0.433,95.2,0,7.8,34.3,0
TB000430,Mosaic,2021-03-25,1978,BOS,38,3,3,5,8,301.53,2468.11,Blue,0.258,10,1.0,0.422,0.194,19320,0,0.0,26,14587,0,0,0,4.66,3,1,0.268,14,0.486,95.8,60,24.7,60.2,0
TB000431,Blue,2025-02-23,547,BOS,3,0,0,1,12,294.96,3136.31,Blue Extra,0.357,6,0.5,0.032,0.24,23489,3609,40.1,132,0,0,2,0,4.06,9,3,0.368,13,0.367,99.7,12,31.4,47.7,0
TB000432,Blue,2023-02-28,1273,MCO,11,0,0,0,0,59,53.1,Blue Basic,0.22,1,1.0,0.461,0.039,16264,3856,42.84,304,6244,0,0,0,5.0,4,0,0.036,21,0.509,98.8,0,0.5,33.1,0
TB000433,Blue,2023-07-06,1145,BOS,12,0,0,0,5,387.05,1989.82,Blue Basic,0.276,3,0.6,0.44,0.028,16849,0,0.0,62,8105,0,0,0,4.3,6,2,0.346,7,0.449,98.7,0,19.9,39.5,0
TB000434,Blue,2023-10-18,1041,BOS,189,0,1,3,5,342.78,1784.22,Blue,0.02,4,0.8,0.364,0.235,14785,67,0.74,216,13033,0,2,0,3.18,1,0,0.355,9,0.386,79.0,36,17.8,44.3,1
TB000435,Blue,2017-01-04,3519,BOS,337,0,0,0,2,231.85,532.92,Blue,0.218,1,0.5,0.51,0.0,0,1395,15.5,773,0,0,3,0,2.86,8,0,0.0,9,0.173,62.6,0,5.3,22.6,1
TB000436,Blue Plus,2015-09-04,4007,JFK,108,3,4,5,21,233.49,4992.54,Blue Extra,0.122,7,0.333,0.405,0.16,18479,491,5.46,17,20911,0,2,0,2.73,4,0,0.106,4,0.406,88.0,60,49.9,66.0,0
TB000437,Blue,2016-09-09,3636,SJU,71,0,4,4,13,269.01,3674.51,Blue Basic,0.208,6,0.462,0.57,0.255,18288,312,3.47,249,8701,0,2,0,4.34,5,2,0.388,15,0.016,92.1,48,36.7,58.9,0
TB000438,Blue Plus,2022-12-18,1345,MCO,73,4,5,9,9,436.67,4336.46,Blue Extra,0.132,8,0.889,0.308,0.212,17616,2318,25.76,65,2919,0,0,0,4.51,4,2,0.597,7,0.383,91.9,100,43.4,78.4,0
TB000439,Blue,2022-12-29,1334,MCO,10,2,2,2,5,274.78,1479.73,Blue,0.05,8,1.0,0.508,0.22,23063,1542,17.13,238,12495,0,1,0,4.31,7,4,0.642,4,0.662,98.9,24,14.8,45.9,0
TB000440,Blue,2024-09-20,703,BOS,313,2,3,5,7,282.8,1815.97,Blue,0.339,8,1.0,0.3,0.105,15523,1732,19.24,5,0,0,0,0,4.06,7,1,0.094,5,0.423,65.2,60,18.2,47.8,0
TB000441,Blue,2017-11-18,3201,FLL,631,0,1,1,3,393.01,1333.57,Blue,0.033,9,1.0,0.252,0.285,8983,0,0.0,184,17512,0,2,0,3.29,3,2,0.621,20,0.367,29.9,12,13.3,18.4,1
TB000442,Blue,2021-07-17,1864,SJU,13,1,1,1,1,288.77,260.3,Blue,0.267,3,1.0,0.164,0.168,12633,1355,15.06,1000,2026,0,2,1,2.44,4,1,0.148,0,0.001,98.6,12,2.6,37.7,1
TB000443,Blue Plus,2019-09-25,2525,SJU,359,2,4,5,5,266.02,1256.06,Blue Basic,0.093,2,0.4,0.173,0.078,13351,1958,21.76,124,8001,0,1,0,3.75,0,0,0.321,8,0.539,60.1,60,12.6,44.2,1
TB000444,Blue Plus,2024-06-14,801,LAX,96,2,3,7,10,359.85,3429.33,Blue Basic,0.062,10,1.0,0.273,0.15,14868,3977,44.19,198,7830,0,0,0,4.51,3,3,0.846,20,0.629,89.3,84,34.3,69.2,0
TB000445,Blue,2022-10-14,1410,BOS,1,3,4,8,17,326.06,5334.88,Blue Basic,0.3,10,0.588,0.385,0.201,12144,6013,66.81,73,5650,0,0,0,4.99,4,3,0.691,16,0.765,99.9,96,53.3,83.1,0
TB000446,Mosaic,2025-09-11,347,MCO,31,2,7,13,17,388.63,6969.48,Blue,0.234,8,0.471,0.021,0.0,31392,1796,19.96,79,6314,0,0,0,4.31,6,3,0.429,17,0.526,96.6,100,69.7,88.8,0
TB000447,Blue,2022-05-05,1572,SJU,9,1,4,5,14,232.09,3497.45,Blue,0.302,4,0.286,0.481,0.096,10393,254,2.82,285,3798,0,0,0,4.95,8,2,0.267,22,0.243,99.0,60,35.0,64.7,0
TB000448,Blue,2015-07-19,4054,LAX,74,3,3,11,30,254.85,8101.71,Blue,0.58,8,0.267,0.505,0.067,12728,2414,26.82,40,11017,0,0,0,4.89,5,2,0.334,24,0.594,91.8,100,81.0,90.9,0
TB000449,Blue,2015-03-01,4194,MCO,93,1,1,1,20,352.23,7873.8,Blue Extra,0.381,4,0.2,0.201,0.102,15572,1795,19.94,627,8441,0,1,0,3.83,5,2,0.325,15,0.313,89.7,12,78.7,60.1,1
TB000450,Blue,2023-01-25,1307,LAX,131,2,4,4,4,275.65,1144.34,Blue Basic,0.427,3,0.75,0.336,0.156,16627,1032,11.47,300,11889,0,2,0,4.78,6,4,0.731,16,0.576,85.4,48,11.4,48.3,1
TB000451,Mosaic,2023-12-31,967,LAX,13,4,7,11,19,383.94,7690.76,Mint,0.051,9,0.474,0.408,0.101,19414,2000,22.22,65,12756,0,0,0,4.65,4,2,0.546,19,0.528,98.6,100,76.9,91.8,0
TB000452,Mosaic,2017-11-10,3209,MCO,47,4,6,11,25,405.95,10444.08,Blue Basic,0.439,6,0.24,0.372,0.022,19521,3462,38.47,6,14530,0,0,0,4.7,7,4,0.637,17,0.318,94.8,100,100,98.3,0
TB000453,Blue,2021-07-06,1875,JFK,144,2,2,5,14,334.61,4724.67,Blue,0.498,9,0.643,0.384,0.169,12124,2125,23.61,233,6537,0,0,0,5.0,7,3,0.361,11,0.441,84.0,60,47.2,63.7,0
TB000454,Blue,2023-11-18,1010,MCO,2,0,1,3,10,298.04,3044.32,Blue,0.17,5,0.5,0.282,0.049,6166,6535,72.61,63,12792,0,0,0,4.13,5,3,0.664,25,0.677,99.8,36,30.4,55.4,0
TB000455,Blue,2022-12-20,1343,JFK,270,1,3,6,8,220.7,1620.99,Blue,0.348,3,0.375,0.24,0.19,11054,187,2.08,110,2694,0,1,0,3.39,4,1,0.336,15,0.437,70.0,72,16.2,52.7,1
TB000456,Blue,2018-05-31,3007,JFK,113,1,1,4,18,389.44,6186.92,Blue,0.141,10,0.556,0.43,0.168,12760,2539,28.21,52,5903,0,0,0,3.92,7,2,0.26,23,0.457,87.4,48,61.9,65.8,0
TB000457,Blue,2023-01-26,1306,JFK,350,0,1,3,5,353.8,1908.37,Blue,0.103,1,0.2,0.256,0.024,9831,1303,14.48,580,15223,1,2,0,3.33,7,2,0.294,21,0.025,61.1,36,19.1,38.7,1
TB000458,Blue,2016-07-19,3688,BOS,92,0,1,3,8,196.17,1529.43,Blue,0.26,2,0.25,0.32,0.088,9098,0,0.0,43,14355,0,1,1,4.35,7,0,0.0,4,0.162,89.8,36,15.3,47.0,0
TB000459,Blue,2018-06-09,2998,FLL,12,1,6,6,26,341.62,9909.61,Mint,0.265,6,0.231,0.222,0.065,19283,2614,29.04,245,14063,0,0,0,4.28,4,2,0.604,3,0.255,98.7,72,99.1,89.9,0
TB000460,Blue,2017-03-12,3452,LAX,24,2,2,3,19,345.97,6215.64,Blue Basic,0.094,4,0.211,0.229,0.177,25489,3386,37.62,163,7086,0,0,0,4.3,5,4,0.75,14,0.481,97.3,36,62.2,65.2,0
TB000461,Blue,2016-01-08,3881,LAX,189,1,1,1,15,179.02,2914.18,Blue,0.079,9,0.6,0.218,0.12,10122,5051,56.12,576,13664,1,1,0,4.42,8,3,0.333,6,0.455,79.0,12,29.1,40.0,1
TB000462,Blue Plus,2021-04-01,1971,SJU,1,0,4,6,18,282.24,4556.4,Blue,0.354,4,0.222,0.363,0.113,21846,4213,46.81,29,8819,0,0,0,5.0,8,6,0.798,15,0.462,99.9,72,45.6,72.5,0
TB000463,Mosaic,2019-05-19,2654,JFK,194,1,2,2,10,265.63,2840.83,Blue,0.351,4,0.4,0.635,0.254,13245,5463,60.7,133,9364,0,1,0,4.24,9,4,0.416,7,0.202,78.4,24,28.4,43.6,1
TB000464,Blue Plus,2017-04-26,3407,BOS,103,1,3,3,4,261.25,1191.76,Blue Basic,0.285,3,0.75,0.091,0.157,20034,2491,27.68,141,0,0,0,0,3.46,7,1,0.187,2,0.339,88.6,36,11.9,45.5,0
TB000465,Blue,2025-02-01,569,FLL,101,0,0,3,3,257.47,769.88,Blue,0.319,1,0.333,0.458,0.17,252,1010,11.22,915,11369,1,0,0,4.85,4,1,0.32,14,0.122,88.8,36,7.7,44.2,1
TB000466,Blue Plus,2019-06-18,2624,BOS,38,2,2,4,12,122.5,1316.11,Mint,0.314,4,0.333,0.414,0.209,14110,1178,13.09,115,10619,0,1,0,2.0,6,0,0.0,13,0.416,95.8,48,13.2,52.3,1
TB000467,Mosaic,2024-03-09,898,LAX,12,3,5,9,22,362.27,7769.92,Blue Basic,0.169,9,0.409,0.299,0.072,21277,4047,44.97,9,10280,0,0,0,4.75,4,3,0.671,19,0.453,98.7,100,77.7,92.1,0
TB000468,Blue Plus,2019-04-01,2702,SJU,436,0,0,0,2,284.6,542.01,Blue Extra,0.181,1,0.5,0.381,0.048,18630,304,3.38,237,7069,0,0,0,3.72,4,0,0.105,24,0.23,51.6,0,5.4,19.0,1
TB000469,Blue Plus,2014-09-11,4365,JFK,502,1,2,2,2,280.86,610.81,Blue Basic,0.485,6,1.0,0.266,0.159,14293,1115,12.39,296,0,0,0,0,4.94,5,0,0.024,21,0.305,44.2,24,6.1,24.8,1
TB000470,Blue Plus,2023-11-12,1016,LAX,286,2,2,3,6,375.77,2390.33,Blue Extra,0.226,7,1.0,0.522,0.168,13563,1582,17.58,112,10361,0,0,0,4.14,4,0,0.095,5,0.487,68.2,36,23.9,42.7,1
TB000471,Blue Plus,2016-05-25,3743,JFK,57,3,4,5,14,367.74,4595.04,Blue Extra,0.239,5,0.357,0.277,0.086,7387,4551,50.57,6,5345,0,2,0,3.74,5,2,0.325,7,0.42,93.7,60,46.0,66.6,0
TB000472,Blue Plus,2014-11-03,4312,JFK,6,4,5,9,33,394.92,11349.53,Blue,0.366,7,0.212,0.298,0.055,20281,3536,39.29,15,11225,0,0,0,4.52,6,3,0.495,15,0.376,99.3,100,100,99.8,0
TB000473,Blue,2025-08-14,375,JFK,23,2,4,4,4,399.12,1678.03,Blue Basic,0.279,3,0.75,0.317,0.143,9306,1499,16.66,171,16347,0,0,0,4.17,5,2,0.447,8,0.415,97.4,48,16.8,54.1,0
TB000474,Blue,2020-04-02,2335,BOS,79,2,4,4,10,335.35,3753.84,Blue,0.175,3,0.3,0.211,0.08,5789,1728,19.2,44,16788,0,1,0,3.82,5,0,0.016,4,0.451,91.2,48,37.5,58.9,0
TB000475,Blue,2019-10-05,2515,BOS,168,1,1,1,7,360.97,2382.69,Blue Basic,0.332,6,0.857,0.462,0.124,3370,5557,61.74,213,9499,0,2,0,2.99,11,4,0.392,5,0.091,81.3,12,23.8,39.0,0
TB000476,Blue,2025-06-11,439,SJU,111,0,1,5,5,369.4,1599.62,Blue Basic,0.268,9,1.0,0.461,0.188,28106,3607,40.08,134,9626,0,0,0,5.0,4,2,0.599,13,0.777,87.7,60,16.0,54.6,0
TB000477,Blue,2025-11-19,278,BOS,5,1,5,10,10,428.87,4539.48,Blue Basic,0.395,8,0.8,0.342,0.104,26886,4305,47.83,1,377,0,0,0,3.58,8,4,0.531,18,0.822,99.4,100,45.4,81.6,0
TB000478,Blue Plus,2020-04-01,2336,JFK,41,1,1,1,11,400.73,4818.44,Mint,0.443,6,0.545,0.176,0.105,15739,0,0.0,248,6820,0,1,0,4.0,3,0,0.069,24,0.362,95.4,12,48.2,51.9,0
TB000479,Blue Plus,2018-10-15,2870,BOS,96,1,4,4,14,334.31,5227.14,Blue,0.0,7,0.5,0.15,0.05,6817,2540,28.22,175,4780,0,0,0,4.56,6,0,0.0,6,0.113,89.3,48,52.3,63.2,0
TB000480,Blue,2022-12-27,1336,JFK,366,0,2,2,2,411.35,916.67,Mint,0.064,5,1.0,0.346,0.251,24359,1730,19.22,152,10557,0,0,0,4.15,9,1,0.117,28,0.184,59.3,24,9.2,30.8,1
TB000481,Blue Plus,2018-09-09,2906,BOS,552,0,1,5,19,399.5,8167.35,Blue Extra,0.563,2,0.105,0.083,0.155,12002,1066,11.84,239,6454,0,1,0,4.11,5,3,0.556,13,0.482,38.7,60,81.7,60.1,1
TB000482,Blue,2025-01-22,579,BOS,87,4,4,7,7,250.09,1691.68,Blue Basic,0.089,6,0.857,0.244,0.069,4951,0,0.0,149,3695,0,1,0,3.85,2,1,0.348,2,0.081,90.3,84,16.9,63.7,0
TB000483,Blue,2015-07-27,4046,JFK,268,2,4,5,22,381.11,7743.99,Blue Extra,0.186,6,0.273,0.349,0.091,17492,2740,30.44,41,11532,0,0,0,4.59,8,5,0.581,16,0.657,70.2,60,77.4,69.2,0
TB000484,Blue,2016-08-06,3670,BOS,35,2,2,2,8,311.15,2304.9,Blue Basic,0.154,6,0.75,0.331,0.196,13053,3730,41.44,17,14761,0,2,1,3.67,6,3,0.474,0,0.645,96.1,24,23.0,47.7,0
TB000485,Mosaic,2022-06-20,1526,JFK,48,5,5,7,18,238.11,3792.35,Blue Basic,0.499,11,0.611,0.244,0.179,16863,2801,31.12,57,7654,0,0,0,4.86,7,3,0.484,27,0.487,94.7,84,37.9,72.2,0
TB000486,Blue Plus,2018-07-18,2959,LAX,59,1,2,2,9,262.25,2138.47,Blue Basic,0.195,2,0.222,0.034,0.179,4942,0,0.0,35,8187,0,1,0,3.22,4,0,0.048,14,0.428,93.4,24,21.4,46.3,0
TB000487,Blue Plus,2014-08-31,4376,BOS,2,3,8,9,34,363.19,12254.96,Blue,0.321,9,0.265,0.388,0.183,7099,3315,36.83,2,0,0,0,0,4.22,5,3,0.608,4,0.531,99.8,100,100,99.9,0
TB000488,Blue Plus,2025-03-24,518,BOS,48,1,1,3,4,265.83,1047.32,Blue Extra,0.304,10,1.0,0.191,0.057,20385,887,9.86,238,12275,0,1,0,3.78,3,1,0.463,13,0.68,94.7,36,10.5,47.1,0
TB000489,Blue Plus,2025-09-01,357,JFK,110,2,4,4,4,355.61,1348.65,Blue,0.448,4,1.0,0.361,0.0,4687,652,7.24,273,0,0,0,0,4.74,7,1,0.092,0,0.11,87.8,48,13.5,49.8,0
TB000490,Mosaic,2020-07-19,2227,JFK,18,2,4,11,21,439.66,8377.71,Mint,0.248,9,0.429,0.321,0.256,17125,2651,29.46,28,14481,0,0,0,4.4,4,2,0.476,8,0.504,98.0,100,83.8,93.9,0
TB000491,Blue,2014-11-25,4290,BOS,207,3,4,5,24,232.4,5047.3,Blue,0.127,6,0.25,0.293,0.0,9733,2923,32.48,39,11611,0,0,0,4.14,7,3,0.383,16,0.498,77.0,60,50.5,62.5,0
TB000492,Blue,2020-05-08,2299,JFK,72,0,2,2,3,245.57,722.82,Blue,0.356,4,1.0,0.394,0.158,14140,2173,24.14,42,11623,0,2,0,4.13,6,2,0.264,7,0.446,92.0,24,7.2,41.1,0
TB000493,Blue Plus,2021-03-02,2001,JFK,94,3,4,8,17,303.36,5240.22,Blue,0.297,9,0.529,0.398,0.256,16903,2238,24.87,206,13023,0,0,0,4.32,6,3,0.495,9,0.343,89.6,96,52.4,79.3,0
TB000494,Blue Plus,2021-08-15,1835,FLL,140,2,2,5,14,269.33,3467.67,Blue Extra,0.117,7,0.5,0.342,0.071,9294,1291,14.34,133,6068,0,2,0,3.88,3,1,0.285,21,0.191,84.4,60,34.7,59.7,0
TB000495,Blue,2018-03-14,3085,JFK,247,2,3,3,10,338.44,3235.42,Blue Basic,0.188,1,0.1,0.241,0.097,27052,2674,29.71,51,5211,0,0,0,4.62,4,1,0.257,18,0.146,72.6,36,32.4,47.0,0
TB000496,Blue,2024-07-23,762,JFK,68,1,2,2,5,289.36,1483.91,Blue,0.202,3,0.6,0.463,0.14,9220,527,5.86,731,11771,1,2,1,3.9,5,0,0.096,21,0.176,92.4,24,14.8,43.7,1
TB000497,Blue Plus,2019-07-30,2582,JFK,228,2,2,2,14,214.23,3329.26,Blue Extra,0.205,8,0.571,0.42,0.114,15851,1513,16.81,188,10888,0,0,0,4.6,4,2,0.576,20,0.449,74.7,24,33.3,44.0,0
TB000498,Blue Plus,2022-05-17,1560,FLL,241,2,3,3,14,332.43,4035.29,Blue Basic,0.336,6,0.429,0.358,0.259,6718,4221,46.9,105,0,0,1,0,4.18,8,8,0.941,19,0.489,73.2,36,40.4,49.9,0
TB000499,Blue,2015-07-30,4043,LAX,146,0,0,2,23,242.85,5340.79,Blue,0.235,1,0.043,0.229,0.138,3536,1504,16.71,415,7449,1,2,0,2.79,4,1,0.126,14,0.252,83.8,24,53.4,53.7,1
TB000500,Mosaic,2016-10-18,3597,LAX,36,0,0,0,22,452.46,9644.63,Blue Basic,0.483,4,0.182,0.216,0.157,4861,3701,41.12,52,8702,0,0,0,5.0,4,3,0.667,14,0.684,96.0,0,96.4,64.1,0
TB000501,Blue,2016-11-04,3580,JFK,171,2,3,5,29,327.88,8275.52,Blue,0.174,8,0.276,0.417,0.148,13858,1415,15.72,3,10230,0,1,1,2.77,8,1,0.17,17,0.443,81.0,60,82.8,74.6,0
TB000502,Blue,2023-10-19,1040,SJU,34,1,1,3,3,340.35,1022.87,Mint,0.38,10,1.0,0.281,0.077,16141,1857,20.63,12,12646,0,0,0,4.2,7,5,0.682,19,0.619,96.2,36,10.2,47.5,0
TB000503,Blue,2017-03-14,3450,MCO,59,0,0,0,17,514.47,7862.8,Blue Basic,0.206,2,0.118,0.018,0.195,20858,1683,18.7,12,0,0,1,0,5.0,5,3,0.574,12,0.146,93.4,0,78.6,57.3,0
TB000504,Blue,2019-02-24,2738,BOS,33,0,0,0,2,261.77,538.28,Blue Extra,0.295,4,1.0,0.31,0.338,4958,5222,58.02,1000,12410,0,1,0,3.7,3,1,0.318,3,0.431,96.3,0,5.4,33.9,0
TB000505,Blue Plus,2024-05-09,837,JFK,81,0,0,3,4,344.41,1428.5,Mint,0.132,2,0.5,0.147,0.208,16156,3336,37.07,6,9425,0,0,0,4.57,10,0,0.0,12,0.225,91.0,36,14.3,47.1,0
TB000506,Blue,2020-02-21,2376,BOS,61,3,3,3,11,283.19,2724.75,Blue Extra,0.358,7,0.636,0.545,0.093,11419,1177,13.08,10,5308,0,0,0,4.3,9,1,0.148,0,0.294,93.2,36,27.2,52.1,0
TB000507,Blue Plus,2022-11-10,1383,BOS,2,1,1,1,1,288.18,261.57,Blue Basic,0.0,10,1.0,0.339,0.216,17575,2392,26.58,94,14205,0,1,0,4.6,8,2,0.262,15,0.524,99.8,12,2.6,38.1,0
TB000508,Blue,2018-12-20,2804,LAX,355,0,0,2,5,348.19,1689.29,Blue Extra,0.337,9,1.0,0.309,0.102,231,1801,20.01,10,15662,0,2,1,3.59,5,1,0.185,0,0.179,60.6,24,16.9,33.8,1
TB000509,Blue Plus,2015-10-06,3975,MCO,165,1,4,4,5,223.22,1018.92,Blue,0.356,5,1.0,0.329,0.171,17853,0,0.0,107,8953,0,0,0,5.0,5,2,0.462,4,0.443,81.7,48,10.2,46.6,0
TB000510,Blue,2019-07-04,2608,FLL,69,2,5,11,26,428.72,9786.43,Blue Extra,0.185,8,0.308,0.36,0.259,30904,2462,27.36,62,2474,0,0,0,4.07,3,2,0.632,11,0.746,92.3,100,97.9,96.7,0
TB000511,Blue,2015-04-30,4134,JFK,162,2,5,5,17,369.37,6333.42,Blue,0.35,4,0.235,0.166,0.186,5743,1528,16.98,272,12293,0,1,0,2.72,3,0,0.0,14,0.676,82.0,60,63.3,68.4,0
TB000512,Blue,2021-05-21,1921,MCO,7,1,3,10,25,304.89,8007.4,Blue,0.194,7,0.28,0.636,0.2,12820,3868,42.98,23,22083,0,0,0,4.39,9,3,0.383,17,0.213,99.2,100,80.1,93.1,0
TB000513,Blue,2019-09-12,2538,FLL,97,0,0,0,0,276.9,306.41,Mint,0.076,7,1.0,0.273,0.135,11935,1516,16.84,200,8282,0,0,0,4.96,8,3,0.341,23,0.303,89.2,0,3.1,30.8,0
TB000514,Blue,2021-12-27,1701,MCO,237,0,0,8,10,214.26,1870.21,Blue Basic,0.527,8,0.8,0.538,0.205,12038,628,6.98,43,6738,0,0,0,3.74,5,0,0.078,8,0.13,73.7,96,18.7,62.8,0
TB000515,Blue,2018-07-29,2948,FLL,67,0,2,8,16,183.09,3035.2,Mint,0.307,1,0.062,0.393,0.188,16056,421,4.68,122,14827,0,0,0,5.0,6,3,0.42,3,0.475,92.6,96,30.4,73.0,0
TB000516,Blue,2022-10-22,1402,JFK,171,3,4,5,13,327.89,4463.37,Blue Extra,0.0,6,0.462,0.3,0.219,15533,2142,23.8,32,7163,0,0,0,4.3,4,1,0.232,24,0.555,81.0,60,44.6,61.9,0
TB000517,Blue,2023-07-23,1128,SJU,81,0,2,4,4,348.89,1490.14,Blue,0.212,6,1.0,0.354,0.249,13520,2764,30.71,15,17053,0,0,0,5.0,5,4,0.746,0,0.399,91.0,48,14.9,51.3,0
TB000518,Blue,2014-08-28,4379,BOS,285,2,2,3,10,296.07,2599.27,Blue Basic,0.096,3,0.3,0.315,0.177,8880,2597,28.86,629,5993,0,2,0,3.01,9,0,0.0,4,0.42,68.3,36,26.0,43.4,1
TB000519,Blue,2019-11-25,2464,BOS,6,1,1,6,13,481.88,5499.49,Blue,0.217,6,0.462,0.502,0.116,22167,4053,45.03,55,5434,0,1,0,3.23,4,2,0.535,13,0.626,99.3,72,55.0,75.4,0
TB000520,Blue,2024-03-27,880,LAX,40,1,2,2,14,262.33,3683.29,Mint,0.455,5,0.357,0.178,0.09,15592,350,3.89,60,0,0,1,0,3.74,4,3,0.665,26,0.168,95.6,24,36.8,52.1,0
TB000521,Blue Plus,2023-10-08,1051,MCO,130,0,2,3,3,258.04,818.55,Blue,0.338,3,1.0,0.373,0.167,22897,2066,22.96,250,5894,0,0,0,4.7,10,1,0.1,6,0.322,85.6,36,8.2,43.3,0
TB000522,Mosaic,2024-03-01,906,FLL,19,3,4,5,5,444.68,2142.51,Blue,0.217,8,1.0,0.38,0.222,21897,121,1.34,183,0,0,0,0,4.22,6,2,0.284,14,0.464,97.9,60,21.4,59.8,0
TB000523,Blue,2014-10-22,4324,MCO,370,2,3,5,15,291.66,4749.87,Blue,0.158,3,0.2,0.176,0.188,10214,3390,37.67,116,8106,0,1,0,3.94,6,1,0.152,10,0.488,58.9,60,47.5,55.5,1
TB000524,Blue,2024-02-07,929,LAX,47,2,5,8,8,289.79,2251.35,Blue Basic,0.34,4,0.5,0.349,0.21,25250,919,10.21,427,0,0,0,0,3.73,2,2,0.819,10,0.231,94.8,96,22.5,71.1,0
TB000525,Blue,2018-11-29,2825,SJU,12,2,2,7,18,445.48,8225.98,Blue,0.059,1,0.056,0.462,0.201,16198,3559,39.54,6,5076,0,1,0,3.52,7,3,0.463,13,0.614,98.7,84,82.3,88.3,0
TB000526,Blue Plus,2017-05-09,3394,BOS,48,1,3,5,13,199.27,2544.88,Blue Basic,0.228,5,0.385,0.368,0.153,12858,2274,25.27,41,3590,0,0,0,4.59,7,3,0.466,19,0.56,94.7,60,25.4,60.0,0
TB000527,Blue,2021-02-26,2005,BOS,34,3,4,4,23,386.45,9733.81,Blue Basic,0.098,8,0.348,0.263,0.149,17689,3201,35.57,75,20214,0,0,0,4.28,5,3,0.511,0,0.354,96.2,48,97.3,80.5,0
TB000528,Blue Plus,2023-01-17,1315,MCO,24,2,4,4,8,345.15,2719.34,Blue,0.488,6,0.75,0.215,0.25,14655,0,0.0,94,3569,0,0,0,4.71,7,3,0.42,15,0.543,97.3,48,27.2,57.5,0
TB000529,Blue,2024-08-30,724,SJU,25,0,2,4,7,260.84,1836.98,Blue,0.103,1,0.143,0.403,0.119,19885,1947,21.63,170,12832,0,0,0,3.95,3,1,0.311,17,0.416,97.2,48,18.4,54.5,0
TB000530,Blue,2026-02-11,194,BOS,198,2,2,4,4,263.84,937.2,Blue Basic,0.242,3,0.75,0.238,0.12,7704,254,2.82,309,11003,0,1,0,3.79,4,3,0.747,17,0.334,78.0,48,9.4,45.1,1
TB000531,Blue,2024-09-09,714,BOS,61,2,2,4,7,321.79,2489.21,Blue Basic,0.327,2,0.286,0.183,0.137,18412,2387,26.52,218,4214,0,0,0,4.66,7,2,0.259,6,0.287,93.2,48,24.9,55.4,0
TB000532,Blue,2026-01-08,228,SJU,6,0,3,8,8,339.69,2870.75,Blue,0.283,4,0.5,0.509,0.19,17510,2771,30.79,17,6189,0,1,1,4.78,4,2,0.489,9,0.732,99.3,96,28.7,74.7,0
TB000533,Blue,2015-11-15,3935,JFK,257,2,4,8,16,366.68,5061.58,Blue,0.433,5,0.312,0.387,0.157,4633,0,0.0,113,4066,0,0,0,4.45,4,2,0.402,15,0.425,71.4,96,50.6,72.7,1
TB000534,Blue,2015-02-02,4221,MCO,157,2,2,6,20,250.93,4328.85,Blue Extra,0.228,5,0.25,0.36,0.258,7690,936,10.4,86,17289,0,0,0,4.68,1,0,0.499,3,0.407,82.6,72,43.3,66.0,0
TB000535,Blue,2023-10-27,1032,BOS,88,1,5,5,8,282.21,2415.68,Mint,0.132,4,0.5,0.073,0.152,8327,2223,24.7,230,5966,0,0,0,4.47,7,5,0.689,18,0.33,90.2,60,24.2,58.1,0
TB000536,Blue Plus,2019-09-01,2549,BOS,44,1,1,4,6,366.99,2220.65,Blue Basic,0.176,8,1.0,0.316,0.155,745,4147,46.08,218,14351,0,3,0,3.13,9,4,0.453,23,0.314,95.1,48,22.2,55.1,0
TB000537,Blue,2022-05-16,1561,JFK,500,4,5,6,6,306.2,1715.83,Blue Basic,0.048,2,0.333,0.377,0.022,4493,2729,30.32,193,11942,0,3,0,4.04,5,1,0.262,5,0.242,44.4,72,17.2,44.5,1
TB000538,Blue,2025-04-10,501,MCO,21,2,4,11,14,311.34,4393.04,Blue,0.293,5,0.357,0.426,0.014,23343,3918,43.53,77,0,0,0,0,4.59,6,4,0.601,14,0.656,97.7,100,43.9,80.5,0
TB000539,Blue,2023-07-18,1133,SJU,53,1,4,4,4,112.84,507.98,Blue,0.042,4,1.0,0.404,0.148,21014,561,6.23,427,3050,1,0,0,4.73,5,3,0.58,9,0.136,94.1,48,5.1,49.1,0
TB000540,Blue,2023-09-12,1077,JFK,1,0,1,1,1,282.72,302.17,Blue Extra,0.0,3,1.0,0.565,0.067,12095,1128,12.53,137,1433,0,2,1,2.75,3,2,0.622,5,0.376,99.9,12,3.0,38.3,0
TB000541,Blue Plus,2021-05-17,1925,BOS,351,2,2,2,3,293.21,938.47,Mint,0.147,3,1.0,0.356,0.214,9086,1990,22.11,76,14747,0,1,0,3.93,7,2,0.309,7,0.262,61.0,24,9.4,31.5,1
TB000542,Blue,2021-03-27,1976,MCO,131,0,0,0,2,217.86,387.2,Blue Extra,0.349,3,1.0,0.379,0.131,12752,108,1.2,157,0,0,0,0,4.53,4,1,0.149,3,0.311,85.4,0,3.9,29.8,0
TB000543,Blue,2021-08-30,1820,FLL,8,2,2,4,7,310.96,2259.25,Blue,0.286,2,0.286,0.1,0.0,14595,821,9.12,700,10344,0,1,0,4.73,5,1,0.246,15,0.565,99.1,48,22.6,56.6,0
TB000544,Blue,2014-09-16,4360,SJU,37,2,2,6,27,341.36,9082.71,Blue,0.223,5,0.185,0.508,0.145,17557,2592,28.8,162,15922,0,0,0,4.21,6,3,0.432,4,0.22,95.9,72,90.8,86.2,0
TB000545,Blue,2017-02-16,3476,BOS,68,0,1,1,5,281.91,1451.97,Blue Extra,0.078,1,0.2,0.473,0.202,19184,4119,45.77,170,1927,0,0,0,4.81,8,2,0.256,24,0.519,92.4,12,14.5,39.6,0
TB000546,Blue,2022-03-16,1622,JFK,2,2,5,5,15,503.0,8170.33,Blue,0.0,6,0.4,0.194,0.218,25777,3393,37.7,15,19529,0,1,0,4.94,6,4,0.599,13,0.826,99.8,60,81.7,80.5,0
TB000547,Blue,2021-08-15,1835,JFK,490,2,2,2,2,252.72,514.71,Blue Basic,0.344,2,1.0,0.593,0.028,11998,845,9.39,42,1791,0,0,0,4.23,8,2,0.294,3,0.14,45.6,24,5.1,24.9,1
TB000548,Blue,2016-10-29,3586,FLL,138,1,1,1,3,188.69,517.95,Blue,0.301,4,1.0,0.373,0.006,9249,2971,33.01,601,14306,0,2,0,3.99,8,3,0.351,0,0.276,84.7,12,5.2,34.0,1
TB000549,Blue,2022-11-18,1375,MCO,1,1,2,2,2,341.39,593.19,Blue Basic,0.422,1,0.5,0.509,0.204,11735,62,0.69,978,5631,1,1,0,2.83,4,1,0.151,18,0.338,99.9,24,5.9,43.3,0
TB000550,Blue,2022-08-04,1481,BOS,196,1,4,5,10,330.72,3176.59,Blue,0.198,10,1.0,0.259,0.173,20189,4640,51.56,78,12867,0,1,0,3.37,3,1,0.306,23,0.716,78.2,60,31.8,56.7,1
TB000551,Blue,2015-12-06,3914,MCO,80,1,1,2,31,442.4,11750.78,Mint,0.147,6,0.194,0.392,0.233,21711,3925,43.61,80,3308,0,1,0,4.81,4,1,0.152,23,0.501,91.1,24,100,71.7,0
TB000552,Blue,2022-11-18,1375,SJU,30,1,1,3,3,344.08,1180.74,Blue,0.089,5,1.0,0.295,0.187,0,2794,31.04,179,3246,0,2,0,3.91,8,5,0.685,14,0.316,96.7,36,11.8,48.2,0
TB000553,Blue,2016-11-22,3562,FLL,52,5,6,8,20,312.91,5522.77,Blue Basic,0.029,5,0.25,0.391,0.134,14625,0,0.0,550,11350,0,0,0,4.71,6,0,0.0,5,0.371,94.2,96,55.2,81.8,1
TB000554,Blue,2015-07-19,4054,SJU,75,0,1,1,16,429.8,6346.66,Blue Basic,0.068,5,0.312,0.258,0.19,7585,1490,16.56,238,0,0,0,0,3.95,5,0,0.004,23,0.523,91.7,12,63.5,55.7,0
TB000555,Mosaic,2015-06-06,4097,SJU,110,3,6,11,29,363.96,10683.46,Blue Basic,0.278,5,0.172,0.317,0.192,25367,2767,30.74,108,15266,0,0,0,5.0,5,2,0.415,8,0.537,87.8,100,100,95.9,0
TB000556,Blue,2022-08-28,1457,LAX,26,3,3,6,11,355.68,4018.86,Blue Extra,0.205,9,0.818,0.4,0.0,19616,2718,30.2,234,16459,0,0,0,5.0,5,3,0.554,32,0.295,97.1,72,40.2,69.8,0
TB000557,Blue,2020-12-09,2084,BOS,30,0,1,1,4,183.76,763.6,Blue,0.264,6,1.0,0.545,0.119,17668,1686,18.73,28,8008,0,1,0,2.46,6,0,0.0,1,0.374,96.7,12,7.6,38.8,1
TB000558,Blue,2018-01-12,3146,BOS,7,0,0,0,5,330.11,1593.35,Blue Basic,0.012,2,0.4,0.336,0.105,16729,1212,13.47,138,0,0,0,0,4.62,3,1,0.4,13,0.278,99.2,0,15.9,38.4,0
TB000559,Blue,2018-04-18,3050,BOS,2,2,4,5,22,340.24,7753.72,Blue,0.205,6,0.273,0.477,0.299,19526,4802,53.36,258,8413,0,1,0,3.13,6,4,0.681,26,0.382,99.8,60,77.5,79.1,0
TB000560,Blue Plus,2023-07-31,1120,JFK,328,0,1,1,6,426.83,2596.46,Blue Extra,0.215,4,0.667,0.375,0.178,8994,481,5.34,180,0,0,3,0,3.98,5,2,0.42,18,0.152,63.6,12,26.0,33.9,1
TB000561,Blue,2021-07-31,1850,LAX,245,2,5,8,13,248.82,3439.04,Blue,0.509,4,0.308,0.632,0.097,8416,1166,12.96,110,0,0,1,0,3.32,7,1,0.146,4,0.167,72.8,96,34.4,67.7,1
TB000562,Blue,2024-01-10,957,BOS,12,1,3,9,11,402.82,4821.11,Blue Basic,0.125,8,0.727,0.29,0.228,14114,4123,45.81,10,9320,0,0,0,5.0,3,0,0.121,19,0.403,98.7,100,48.2,82.3,0
TB000563,Blue,2019-06-13,2629,BOS,6,3,6,6,19,377.4,8139.46,Blue Extra,0.337,8,0.421,0.241,0.216,28259,3464,38.49,22,4424,0,0,0,4.84,3,2,0.789,20,0.617,99.3,72,81.4,84.2,0
TB000564,Blue,2018-10-02,2883,BOS,776,1,1,1,3,145.13,494.89,Blue Extra,0.197,1,0.333,0.256,0.134,7936,0,0.0,467,0,0,1,0,2.11,3,0,0.0,5,0.293,13.8,12,4.9,10.2,1
TB000565,Blue,2020-02-08,2389,JFK,436,2,6,6,16,255.05,3875.49,Blue Basic,0.443,2,0.125,0.407,0.207,7999,597,6.63,393,11245,0,1,0,4.6,0,0,0.497,16,0.342,51.6,72,38.8,54.1,1
TB000566,Blue Plus,2015-10-15,3966,BOS,75,2,3,5,26,389.4,11190.87,Blue,0.08,8,0.308,0.54,0.312,11068,0,0.0,57,18297,0,0,0,4.44,4,1,0.206,23,0.697,91.7,60,100,83.9,0
TB000567,Blue,2022-10-21,1403,FLL,301,1,3,5,13,253.93,3605.84,Blue Basic,0.431,9,0.692,0.371,0.192,15338,2404,26.71,50,13638,0,1,1,4.24,6,3,0.429,19,0.418,66.6,60,36.1,54.2,0
TB000568,Mosaic,2022-11-11,1382,LAX,88,1,2,3,11,412.44,4488.2,Blue Basic,0.416,6,0.545,0.233,0.158,25724,175,1.94,39,4650,0,0,0,4.6,3,0,0.085,21,0.276,90.2,36,44.9,57.0,0
TB000569,Blue,2022-06-28,1518,FLL,199,0,1,4,8,336.68,2868.94,Blue Basic,0.104,3,0.375,0.614,0.101,8670,2305,25.61,223,0,0,0,0,4.45,1,1,0.567,4,0.35,77.9,48,28.7,51.5,0
TB000570,Blue,2019-10-07,2513,LAX,39,3,5,9,15,264.05,4052.96,Blue Extra,0.319,7,0.467,0.344,0.191,11603,368,4.09,271,3368,0,0,0,4.26,6,3,0.525,12,0.498,95.7,100,40.5,78.7,0
TB000571,Blue,2015-05-24,4110,MCO,49,0,0,1,9,183.8,1498.77,Blue Basic,0.359,3,0.333,0.269,0.057,8443,0,0.0,422,5006,0,3,1,4.68,4,0,0.04,4,0.405,94.6,12,15.0,40.5,1
TB000572,Blue,2023-07-18,1133,BOS,210,0,2,2,10,426.05,3960.53,Blue,0.0,2,0.2,0.208,0.139,8213,1577,17.52,43,6820,0,0,0,4.17,7,3,0.484,22,0.348,76.7,24,39.6,46.8,0
TB000573,Blue,2025-08-28,361,FLL,49,2,5,5,10,205.84,2104.01,Blue Basic,0.519,7,0.7,0.583,0.104,697,657,7.3,18,8876,0,0,0,4.95,9,6,0.677,7,0.351,94.6,60,21.0,58.5,0
TB000574,Blue Plus,2020-05-07,2300,BOS,41,0,0,0,10,273.96,2715.02,Blue Basic,0.232,4,0.4,0.373,0.17,12283,2163,24.03,60,11760,0,2,0,2.57,6,1,0.216,6,0.085,95.4,0,27.2,40.9,0
TB000575,Blue Plus,2024-01-14,953,MCO,369,2,5,7,12,310.34,3548.61,Blue Extra,0.107,4,0.333,0.404,0.256,12236,1562,17.36,173,1811,0,1,0,3.13,4,2,0.599,1,0.371,59.0,84,35.5,59.5,1
TB000576,Blue,2020-03-28,2340,LAX,3,2,2,3,3,290.66,966.11,Blue,0.223,6,1.0,0.334,0.16,14727,1213,13.48,357,12749,0,0,0,3.98,8,4,0.48,0,0.726,99.7,36,9.7,48.5,0
TB000577,Blue,2018-10-27,2858,SJU,51,3,5,7,22,353.82,7259.7,Blue,0.143,8,0.364,0.195,0.238,24182,4979,55.32,31,18610,0,1,1,4.43,7,4,0.587,17,0.37,94.3,84,72.6,83.6,0
TB000578,Blue,2020-05-01,2306,BOS,3,3,4,4,6,420.09,2159.38,Blue Basic,0.306,8,1.0,0.299,0.202,24352,902,10.02,97,7701,0,0,0,4.42,4,2,0.519,21,0.281,99.7,48,21.6,56.4,0
TB000579,Blue,2015-06-07,4096,FLL,163,0,0,2,2,174.22,357.86,Blue Extra,0.255,4,1.0,0.436,0.13,8125,0,0.0,610,1452,1,1,1,3.84,8,2,0.192,6,0.221,81.9,24,3.6,36.5,1
TB000580,Blue,2021-05-30,1912,FLL,135,2,4,6,7,338.12,2378.81,Blue Extra,0.158,4,0.571,0.148,0.061,19579,3501,38.9,8,15210,0,1,0,4.02,6,2,0.41,8,0.734,85.0,72,23.8,60.3,0
TB000581,Blue Plus,2014-08-30,4377,BOS,9,2,3,6,28,394.97,10843.83,Blue,0.354,5,0.179,0.236,0.188,17897,3619,40.21,7,15140,0,0,0,4.11,2,1,0.62,26,0.709,99.0,72,100,90.3,0
TB000582,Blue,2020-11-11,2112,LAX,41,0,2,5,18,379.29,6086.24,Blue Extra,0.277,7,0.389,0.246,0.198,14401,4140,46.0,88,10260,0,0,0,5.0,6,3,0.444,12,0.504,95.4,60,60.9,72.1,0
TB000583,Blue,2021-04-10,1962,BOS,22,0,0,0,4,114.01,424.51,Blue Basic,0.352,8,1.0,0.32,0.195,3714,2053,22.81,16,0,0,1,0,1.15,6,0,0.051,0,0.0,97.6,0,4.2,33.9,0
TB000584,Mosaic,2016-03-05,3824,JFK,295,0,0,3,11,345.01,3660.77,Blue Basic,0.304,6,0.545,0.195,0.16,11317,4506,50.07,342,1944,0,1,0,2.49,5,1,0.225,19,0.469,67.2,36,36.6,46.6,1
TB000585,Blue,2025-01-23,578,FLL,35,0,0,3,3,260.29,773.2,Blue,0.367,2,0.667,0.447,0.201,15048,0,0.0,282,0,0,0,0,4.45,9,4,0.456,2,0.342,96.1,36,7.7,46.6,0
TB000586,Blue,2015-01-22,4232,LAX,429,0,0,0,13,312.6,4627.68,Blue Extra,0.127,2,0.154,0.479,0.108,10487,0,0.0,1000,12890,1,1,1,2.92,3,1,0.209,0,0.0,52.3,0,46.3,32.9,1
TB000587,Blue,2016-09-08,3637,FLL,225,2,3,5,27,365.44,9626.49,Blue,0.091,3,0.111,0.414,0.084,22771,3788,42.09,11,7955,0,0,0,4.96,9,3,0.351,6,0.536,75.0,60,96.3,77.1,0
TB000588,Blue,2015-03-31,4164,LAX,41,3,7,8,30,280.42,7276.96,Blue Basic,0.087,9,0.3,0.393,0.131,13224,2392,26.58,64,1830,0,0,0,4.51,8,2,0.305,2,0.381,95.4,96,72.8,88.1,0
TB000589,Blue,2018-08-16,2930,LAX,17,4,7,7,21,370.54,8108.15,Blue Extra,0.409,6,0.286,0.409,0.083,9832,2805,31.17,82,7742,0,0,0,4.27,5,2,0.492,21,0.522,98.1,84,81.1,87.7,0
TB000590,Blue Plus,2018-08-04,2942,MCO,173,1,1,4,25,287.36,8175.72,Blue Extra,0.262,6,0.24,0.164,0.042,14311,2584,28.71,153,15852,0,1,0,2.78,5,1,0.24,7,0.285,80.8,48,81.8,70.2,1
TB000591,Blue,2020-12-30,2063,SJU,214,2,4,4,12,175.19,1855.03,Blue Basic,0.247,1,0.083,0.385,0.206,12908,356,3.96,225,0,0,2,0,3.69,4,2,0.493,2,0.091,76.2,48,18.6,47.6,1
TB000592,Blue,2016-12-11,3543,BOS,34,1,2,4,9,270.29,2113.83,Blue Extra,0.0,5,0.556,0.359,0.109,11449,3695,41.06,308,1135,0,0,0,5.0,5,2,0.463,3,0.274,96.2,48,21.1,55.1,0
TB000593,Mosaic,2020-06-28,2248,MCO,22,2,3,5,11,319.71,3386.55,Blue Basic,0.097,5,0.455,0.3,0.05,7266,0,0.0,103,0,0,1,0,3.69,4,0,0.0,0,0.277,97.6,60,33.9,63.8,0
TB000594,Blue Plus,2023-07-17,1134,BOS,8,0,0,0,0,379.62,366.12,Blue,0.228,6,1.0,0.179,0.21,13933,4045,44.94,273,1363,0,0,0,4.23,6,4,0.636,9,0.531,99.1,0,3.7,34.3,0
TB000595,Blue Plus,2025-04-24,487,JFK,3,1,1,1,4,270.71,1235.93,Blue Basic,0.579,7,1.0,0.31,0.092,23197,489,5.43,170,1927,0,1,0,3.26,6,3,0.574,0,0.276,99.7,12,12.4,41.4,0
TB000596,Blue,2016-08-17,3659,SJU,203,2,2,2,5,277.28,1503.38,Blue Extra,0.388,3,0.6,0.344,0.231,5676,1474,16.38,324,3903,0,0,0,4.45,6,0,0.0,0,0.001,77.4,24,15.0,38.8,1
TB000597,Mosaic,2017-01-08,3515,SJU,10,3,4,11,29,314.35,10159.09,Blue,0.067,7,0.241,0.26,0.098,20265,3668,40.76,93,15318,0,0,0,4.97,5,4,0.769,15,0.389,98.9,100,100,99.6,0
TB000598,Mosaic,2026-03-25,152,JFK,80,4,4,7,7,385.69,2358.95,Blue,0.305,6,0.857,0.437,0.123,25319,5290,58.78,47,17150,0,0,0,4.3,6,4,0.692,23,0.633,91.1,84,23.6,66.2,0
TB000599,Blue,2015-10-30,3951,FLL,236,2,2,2,5,255.64,1220.82,Blue Extra,0.499,9,1.0,0.327,0.188,712,533,5.92,187,8972,0,0,0,4.51,1,1,0.53,11,0.157,73.8,24,12.2,36.7,1
TB000600,Blue,2016-02-01,3857,BOS,38,1,2,2,14,272.83,4063.61,Blue,0.304,2,0.143,0.281,0.049,12151,1086,12.07,138,7214,0,0,0,4.51,7,1,0.078,0,0.274,95.8,24,40.6,53.5,0
TB000601,Blue,2018-01-20,3138,LAX,478,0,0,1,1,231.9,201.8,Blue Extra,0.568,3,1.0,0.269,0.25,17539,1708,18.98,446,5623,0,2,1,2.89,4,2,0.458,0,0.547,46.9,12,2.0,20.3,1
TB000602,Blue,2024-03-27,880,SJU,137,0,0,0,8,149.36,1139.44,Blue Basic,0.318,7,0.875,0.341,0.234,8223,0,0.0,281,435,0,2,0,3.16,9,1,0.06,2,0.037,84.8,0,11.4,32.1,1
TB000603,Blue,2019-05-18,2655,FLL,23,3,3,5,7,201.64,1511.13,Blue Extra,0.121,4,0.571,0.503,0.06,8366,1245,13.83,853,0,0,1,1,4.12,3,1,0.338,17,0.473,97.4,60,15.1,57.5,0
TB000604,Blue,2018-01-05,3153,BOS,23,0,1,4,13,357.45,4676.77,Blue Basic,0.296,3,0.231,0.525,0.139,5693,1791,19.9,382,13420,0,0,0,4.98,5,1,0.244,10,0.031,97.4,48,46.8,64.1,0
TB000605,Blue Plus,2023-11-06,1022,BOS,18,2,3,5,14,377.48,5223.38,Blue,0.27,6,0.429,0.337,0.11,4968,1876,20.84,25,7263,0,0,0,5.0,7,4,0.594,11,0.426,98.0,60,52.2,70.1,0
TB000606,Blue,2015-02-13,4210,BOS,48,0,1,1,11,293.93,3053.65,Blue,0.395,5,0.455,0.428,0.162,12621,1700,18.89,368,3629,0,1,0,4.22,1,1,0.593,8,0.306,94.7,12,30.5,45.7,0
TB000607,Mosaic,2025-07-13,407,MCO,270,2,2,3,10,242.09,2723.13,Blue Basic,0.368,3,0.3,0.357,0.15,2732,1308,14.53,167,8533,0,0,0,4.43,8,3,0.417,7,0.058,70.0,36,27.2,44.4,1
TB000608,Blue Plus,2017-02-24,3468,BOS,28,1,1,1,7,254.69,1840.02,Blue Extra,0.098,4,0.571,0.0,0.195,7072,115,1.28,237,1614,0,1,0,3.7,7,3,0.465,13,0.133,96.9,12,18.4,42.4,0
TB000609,Blue Plus,2026-01-24,212,BOS,186,2,4,4,9,281.73,2594.38,Blue Extra,0.244,6,0.667,0.338,0.147,27631,1602,17.8,55,10796,0,0,0,4.15,6,2,0.267,33,0.316,79.3,48,25.9,51.1,0
TB000610,Blue,2023-06-21,1160,FLL,46,0,2,4,8,164.33,1174.49,Blue Basic,0.269,1,0.125,0.281,0.17,17653,3844,42.71,125,0,0,0,0,4.81,2,1,0.317,2,0.204,94.9,48,11.7,51.5,0
TB000611,Blue Plus,2018-10-16,2869,JFK,278,0,2,4,12,300.52,3690.6,Blue Basic,0.388,3,0.25,0.344,0.135,12014,1379,15.32,107,18029,0,0,0,3.67,8,2,0.196,12,0.543,69.1,48,36.9,51.3,1
TB000612,Blue,2022-07-31,1485,FLL,302,0,2,2,2,200.45,399.15,Blue,0.504,1,0.5,0.279,0.032,4196,810,9.0,233,0,0,3,0,2.89,4,0,0.0,0,0.0,66.4,24,4.0,31.5,1
TB000613,Blue,2025-03-29,513,JFK,267,3,3,3,7,342.38,2624.07,Blue Basic,0.25,7,1.0,0.347,0.093,20718,451,5.01,5,6263,0,0,0,4.65,6,2,0.337,19,0.878,70.3,36,26.2,44.2,0
TB000614,Blue Plus,2024-08-15,739,MCO,20,1,2,2,6,460.07,3006.75,Blue,0.054,8,1.0,0.432,0.088,20397,3945,43.83,239,11231,0,0,0,4.39,0,0,0.595,8,0.644,97.8,24,30.1,50.6,0
TB000615,Blue,2024-09-16,707,LAX,186,3,5,7,14,407.82,5990.37,Blue,0.23,5,0.357,0.407,0.311,15156,897,9.97,50,8757,0,0,0,4.03,9,3,0.327,14,0.676,79.3,84,59.9,74.4,0
TB000616,Blue,2016-12-08,3546,JFK,61,1,1,1,3,303.0,825.89,Blue,0.434,6,1.0,0.539,0.082,0,0,0.0,175,4027,0,1,0,2.34,6,1,0.13,7,0.046,93.2,12,8.3,37.8,1
TB000617,Blue,2018-05-25,3013,LAX,93,1,2,3,26,362.36,10558.46,Blue,0.45,6,0.231,0.328,0.032,4210,573,6.37,16,10701,0,0,0,4.67,1,1,0.901,26,0.564,89.7,36,100,75.2,0
TB000618,Blue Plus,2016-07-31,3676,BOS,164,1,2,4,15,258.86,3572.82,Blue Extra,0.469,4,0.267,0.175,0.0,20191,768,8.53,36,15938,0,0,0,4.8,4,2,0.398,12,0.55,81.8,48,35.7,55.2,0
TB000619,Blue,2025-06-05,445,SJU,29,2,3,3,14,216.3,3168.72,Blue,0.239,8,0.571,0.446,0.163,20569,1820,20.22,242,4593,0,0,0,4.01,6,4,0.679,7,0.29,96.8,36,31.7,54.8,0
TB000620,Mosaic,2021-05-23,1919,BOS,7,0,2,3,7,266.54,1756.11,Blue Extra,0.358,9,1.0,0.461,0.151,23847,800,8.89,114,0,0,0,0,4.51,5,0,0.068,8,0.676,99.2,36,17.6,50.9,0
TB000621,Blue,2019-01-04,2789,JFK,15,1,1,2,14,225.22,3329.05,Blue,0.372,7,0.5,0.638,0.225,8906,1979,21.99,112,4554,0,1,0,4.01,5,1,0.178,12,0.447,98.3,24,33.3,51.9,0
TB000622,Blue,2021-02-22,2009,MCO,78,2,6,11,21,404.41,9379.95,Blue,0.084,1,0.048,0.469,0.16,6894,3608,40.09,172,9751,0,0,0,4.7,7,5,0.739,17,0.644,91.3,100,93.8,95.0,0
TB000623,Blue Plus,2017-10-16,3234,BOS,85,2,3,5,22,467.64,10912.95,Blue Basic,0.277,4,0.182,0.528,0.205,16144,2527,28.08,340,424,0,1,0,4.94,6,0,0.0,9,0.322,90.6,60,100,83.5,0
TB000624,Blue Plus,2023-12-13,985,BOS,15,3,7,13,16,458.26,8338.91,Mint,0.0,8,0.5,0.281,0.243,18368,3862,42.91,113,11029,0,0,0,4.27,6,4,0.632,10,0.556,98.3,100,83.4,93.9,0
TB000625,Mosaic,2023-05-24,1188,FLL,30,2,3,10,19,247.46,4174.32,Blue Extra,0.467,7,0.368,0.381,0.282,16501,2048,22.76,241,11150,0,2,0,3.42,5,3,0.548,6,0.505,96.7,100,41.7,79.5,0
TB000626,Blue,2026-06-20,65,BOS,109,0,1,1,2,329.5,668.93,Blue Basic,0.176,3,1.0,0.3,0.066,9604,845,9.39,211,6946,0,1,0,3.06,7,0,0.0,5,0.2,87.9,12,6.7,35.5,0
TB000627,Blue,2018-02-22,3105,FLL,451,0,0,1,4,273.2,1218.06,Blue Extra,0.014,1,0.25,0.449,0.267,11608,1957,21.74,204,0,0,0,0,3.96,3,1,0.302,20,0.355,49.9,12,12.2,24.7,1
TB000628,Blue Plus,2015-08-21,4021,JFK,26,2,7,8,30,377.82,12946.17,Mint,0.0,6,0.2,0.259,0.034,18700,2719,30.21,30,16789,0,0,0,4.45,4,3,0.663,16,0.469,97.1,96,100,97.7,0
TB000629,Blue,2024-04-01,875,JFK,6,3,4,4,10,334.54,2890.8,Blue Basic,0.339,8,0.8,0.231,0.268,13840,4774,53.04,124,0,0,2,1,3.19,5,2,0.378,12,0.468,99.3,48,28.9,58.7,0
TB000630,Blue,2024-11-26,636,LAX,212,1,2,2,3,174.54,463.82,Blue Extra,0.279,7,1.0,0.458,0.182,12732,2741,30.46,494,4605,1,1,0,2.57,7,0,0.0,17,0.399,76.4,24,4.6,35.0,1
TB000631,Blue,2025-08-27,362,JFK,641,2,4,5,5,272.8,1283.47,Blue Basic,0.32,2,0.4,0.231,0.181,16971,626,6.96,301,4753,0,2,0,4.1,6,0,0.0,11,0.257,28.8,60,12.8,33.9,1
TB000632,Blue Plus,2023-12-06,992,BOS,5,4,6,6,18,352.44,7182.91,Blue,0.104,10,0.556,0.249,0.009,9206,679,7.54,22,0,0,0,0,5.0,5,3,0.571,1,0.667,99.4,72,71.8,81.1,0
TB000633,Blue Plus,2024-08-31,723,FLL,85,0,1,4,9,165.94,1592.1,Mint,0.246,7,0.778,0.486,0.074,8181,2479,27.54,67,19584,0,0,0,5.0,6,3,0.56,15,0.161,90.6,48,15.9,51.5,0
TB000634,Blue,2025-12-08,259,LAX,110,2,2,3,8,200.64,1493.67,Blue,0.118,4,0.5,0.299,0.0,12746,264,2.93,71,9535,0,1,0,3.66,5,0,0.0,13,0.224,87.8,36,14.9,46.2,0
TB000635,Blue,2016-11-25,3559,LAX,11,2,2,5,6,283.47,1737.91,Mint,0.568,3,0.5,0.13,0.143,15424,3498,38.87,29,8540,0,0,0,4.25,7,2,0.269,13,0.403,98.8,60,17.4,58.7,0
TB000636,Blue,2020-05-15,2292,MCO,136,2,4,5,5,427.83,2001.76,Mint,0.452,5,1.0,0.354,0.321,24895,1471,16.34,52,6377,0,1,0,4.61,6,3,0.488,27,0.496,84.9,60,20.0,55.0,1
TB000637,Blue,2026-02-27,178,LAX,64,3,3,5,5,407.3,2300.38,Blue Basic,0.194,5,1.0,0.316,0.2,21078,1150,12.78,92,16472,0,2,0,3.52,6,2,0.364,2,0.474,92.9,60,23.0,58.6,0
TB000638,Blue Plus,2022-11-23,1370,JFK,22,0,1,2,5,482.91,2159.28,Blue Extra,0.122,8,1.0,0.264,0.191,21548,5060,56.22,3,19327,0,0,0,5.0,6,3,0.487,6,0.736,97.6,24,21.6,47.7,0
TB000639,Mosaic,2018-04-28,3040,MCO,502,3,7,10,13,334.81,4652.19,Blue Basic,0.316,8,0.615,0.37,0.163,8964,6044,67.16,194,17535,0,2,0,2.73,5,5,0.939,26,0.498,44.2,100,46.5,63.6,1
TB000640,Blue Plus,2018-10-22,2863,SJU,225,2,4,8,14,281.28,4205.21,Blue Extra,0.295,3,0.214,0.459,0.134,19360,606,6.73,48,7122,0,1,0,3.65,3,1,0.298,6,0.157,75.0,96,42.1,71.0,0
TB000641,Mosaic,2018-05-30,3008,JFK,35,1,3,4,19,425.05,7889.95,Blue Basic,0.177,8,0.421,0.382,0.164,20811,3431,38.12,6,3738,0,0,0,4.84,7,6,0.813,33,0.55,96.1,48,78.9,74.3,0
TB000642,Blue,2023-01-25,1307,BOS,393,1,2,2,9,212.29,1945.13,Mint,0.19,1,0.111,0.234,0.017,832,2211,24.57,86,10992,0,0,0,4.15,6,1,0.221,3,0.349,56.3,24,19.5,33.3,1
TB000643,Blue Plus,2023-02-20,1281,FLL,120,2,4,6,8,314.85,2257.32,Blue,0.12,3,0.375,0.314,0.034,10445,0,0.0,26,14826,0,0,0,3.97,8,0,0.0,0,0.512,86.7,72,22.6,60.4,0
TB000644,Blue,2021-02-17,2014,MCO,130,0,2,3,12,316.58,3292.28,Blue,0.273,4,0.333,0.528,0.155,15911,4447,49.41,50,14275,0,1,1,4.0,5,2,0.455,9,0.355,85.6,36,32.9,51.5,0
TB000645,Blue Plus,2017-08-10,3301,BOS,68,4,5,7,18,231.1,3592.03,Blue,0.0,4,0.222,0.264,0.212,14236,1918,21.31,121,13316,0,0,0,4.43,6,3,0.507,12,0.405,92.4,84,35.9,70.8,0
TB000646,Blue Plus,2019-05-14,2659,BOS,341,1,4,6,11,250.95,2486.11,Mint,0.266,3,0.273,0.51,0.223,13909,1985,22.06,796,0,1,0,0,4.88,5,0,0.0,5,0.093,62.1,72,24.9,53.0,1
TB000647,Blue,2021-09-23,1796,SJU,188,2,4,9,20,349.2,6853.78,Blue,0.247,4,0.2,0.246,0.0,9130,2379,26.43,91,2525,0,2,0,4.87,4,3,0.722,8,0.455,79.1,100,68.5,82.5,0
TB000648,Blue Plus,2017-12-28,3161,JFK,455,2,2,2,10,277.31,2460.87,Blue Basic,0.305,5,0.5,0.371,0.059,0,5290,58.78,166,0,0,1,0,3.55,5,1,0.118,16,0.263,49.4,24,24.6,32.7,1
TB000649,Blue,2016-10-20,3595,LAX,129,1,1,2,13,232.09,2746.81,Blue Extra,0.0,6,0.462,0.37,0.134,4433,1963,21.81,353,2445,0,1,0,4.1,5,0,0.0,0,0.169,85.7,24,27.5,45.7,1
TB000650,Blue,2018-07-14,2963,JFK,20,3,5,10,16,303.16,4383.81,Blue,0.277,7,0.438,0.292,0.075,16243,3406,37.84,41,7791,0,1,0,4.54,3,1,0.339,11,0.447,97.8,100,43.8,80.5,0
TB000651,Blue Plus,2019-02-26,2736,MCO,345,0,1,4,11,223.8,2677.24,Blue,0.392,7,0.636,0.352,0.09,10671,0,0.0,53,3846,0,0,0,5.0,3,1,0.376,22,0.316,61.7,48,26.8,45.5,0
TB000652,Blue,2023-04-16,1226,LAX,96,3,6,10,13,271.2,3605.58,Blue Extra,0.066,2,0.154,0.407,0.177,33531,1046,11.62,269,5232,0,0,0,4.87,9,3,0.379,2,0.289,89.3,100,36.1,75.1,1
TB000653,Blue Plus,2020-02-16,2381,LAX,99,0,0,1,7,233.12,1506.73,Blue Basic,0.269,6,0.857,0.318,0.17,8556,175,1.94,16,16820,0,1,0,4.18,8,3,0.324,22,0.168,89.0,12,15.1,38.7,0
TB000654,Blue,2017-10-12,3238,LAX,117,3,6,6,13,305.92,4342.24,Mint,0.0,2,0.154,0.308,0.052,17518,4495,49.94,81,8469,0,1,0,3.5,5,3,0.521,29,0.475,87.0,72,43.4,67.5,0
TB000655,Blue,2023-07-10,1141,JFK,36,2,3,6,11,369.33,3820.41,Blue,0.205,4,0.364,0.379,0.052,22510,2905,32.28,315,13766,0,0,0,4.44,4,2,0.566,8,0.412,96.0,72,38.2,68.7,0
TB000656,Blue,2024-07-21,764,SJU,159,0,0,2,3,227.29,622.11,Blue,0.433,4,1.0,0.418,0.134,9447,0,0.0,122,0,0,2,0,2.77,2,0,0.094,0,0.451,82.3,24,6.2,37.5,1
TB000657,Blue,2021-04-27,1945,BOS,56,1,1,2,8,319.08,2186.57,Blue Basic,0.125,6,0.75,0.289,0.076,0,3028,33.64,2,9192,0,0,0,3.96,6,2,0.358,4,0.419,93.8,24,21.9,46.6,0
TB000658,Blue Plus,2018-04-06,3062,FLL,274,2,5,5,12,312.42,3735.13,Blue Basic,0.298,9,0.75,0.493,0.179,90,3298,36.64,257,12010,0,0,0,4.56,5,1,0.29,14,0.56,69.6,60,37.4,55.7,1
TB000659,Blue Plus,2018-03-11,3088,BOS,25,3,6,8,29,355.19,11153.97,Blue Basic,0.387,6,0.207,0.31,0.206,27297,5127,56.97,27,20868,0,0,0,4.86,6,2,0.36,17,0.676,97.2,96,100,97.7,0
TB000660,Blue,2023-03-28,1245,LAX,15,2,3,6,10,166.28,1756.63,Blue,0.314,2,0.2,0.516,0.084,10912,1882,20.91,91,6347,0,2,0,3.21,5,3,0.648,16,0.325,98.3,72,17.6,62.6,0
TB000661,Blue,2021-04-12,1960,BOS,180,0,1,1,15,291.05,4989.18,Blue Basic,0.486,1,0.067,0.342,0.171,5804,331,3.68,49,16546,0,3,0,3.03,4,0,0.017,21,0.24,80.0,12,49.9,47.3,1
TB000662,Blue Plus,2023-05-18,1194,SJU,27,1,3,8,15,411.37,6831.7,Blue Basic,0.271,8,0.533,0.313,0.093,23271,2485,27.61,95,20274,0,0,0,5.0,6,5,0.784,40,0.555,97.0,96,68.3,87.1,0
TB000663,Blue,2026-02-24,181,SJU,140,3,3,3,8,270.41,2360.86,Blue Basic,0.132,6,0.75,0.534,0.209,5738,3795,42.17,163,4228,0,2,1,2.36,7,3,0.453,21,0.255,84.4,36,23.6,48.0,0
TB000664,Blue Plus,2016-06-02,3735,FLL,79,2,5,9,30,429.24,14367.69,Blue,0.451,9,0.3,0.463,0.163,16945,2280,25.33,63,14721,0,0,0,5.0,2,1,0.49,19,0.435,91.2,100,100,97.1,0
TB000665,Blue,2017-07-17,3325,BOS,164,2,4,4,17,379.47,6057.46,Blue Extra,0.332,7,0.412,0.303,0.203,3941,1801,20.01,161,10174,0,1,1,2.89,3,1,0.497,13,0.078,81.8,48,60.6,63.5,0
TB000666,Blue,2023-01-16,1316,SJU,10,3,7,13,20,394.69,8483.9,Blue,0.28,6,0.3,0.115,0.111,10037,2578,28.64,371,10324,0,0,0,4.52,5,2,0.41,26,0.654,98.9,100,84.8,94.6,0
TB000667,Blue Plus,2023-07-27,1124,SJU,2,1,1,5,5,363.7,1786.99,Blue,0.228,8,1.0,0.399,0.0,13509,2027,22.52,187,10068,0,0,0,4.81,7,4,0.622,21,0.602,99.8,60,17.9,59.2,0
TB000668,Blue,2016-10-13,3602,BOS,29,1,4,6,21,323.54,6290.75,Blue Basic,0.379,5,0.238,0.597,0.082,2244,880,9.78,376,17372,0,1,0,3.94,4,0,0.0,0,0.344,96.8,72,62.9,77.2,1
TB000669,Blue Plus,2022-12-16,1347,SJU,232,1,3,4,4,312.02,1337.01,Blue Extra,0.263,4,1.0,0.533,0.098,7445,1453,16.14,119,6175,0,1,0,3.22,7,2,0.299,19,0.338,74.2,48,13.4,45.2,1
TB000670,Blue,2022-12-08,1355,JFK,25,1,2,2,8,381.62,2959.64,Blue,0.289,9,1.0,0.567,0.086,22042,5138,57.09,85,16959,0,0,0,4.97,4,3,0.687,15,0.649,97.2,24,29.6,50.3,0
TB000671,Blue,2015-03-23,4172,BOS,173,1,1,1,14,233.17,3164.15,Blue Basic,0.16,5,0.357,0.397,0.15,15300,3176,35.29,40,13552,0,0,0,4.84,8,4,0.481,0,0.37,80.8,12,31.6,41.5,1
TB000672,Blue,2025-02-22,548,SJU,612,0,0,0,0,323.97,323.29,Blue Basic,0.543,4,1.0,0.383,0.107,0,0,0.0,219,10787,0,0,0,4.5,6,2,0.389,14,0.304,32.0,0,3.2,11.7,1
TB000673,Blue,2024-01-31,936,FLL,186,2,2,2,2,204.63,408.95,Blue Extra,0.534,4,1.0,0.315,0.076,5518,0,0.0,221,4897,0,0,0,4.04,8,3,0.35,13,0.178,79.3,24,4.1,35.8,1
TB000674,Blue,2022-12-02,1361,BOS,58,2,2,4,8,181.48,1620.22,Blue,0.155,3,0.375,0.454,0.237,0,3663,40.7,90,6129,0,0,0,4.43,6,4,0.62,9,0.078,93.6,48,16.2,52.6,0
TB000675,Blue,2018-09-02,2913,BOS,71,0,0,5,13,335.8,4370.73,Blue,0.202,4,0.308,0.182,0.137,12017,3599,39.99,220,0,0,0,0,4.36,8,3,0.378,8,0.451,92.1,60,43.7,65.3,0
TB000676,Blue,2015-01-08,4246,JFK,40,0,3,8,28,336.83,8411.37,Blue,0.142,7,0.25,0.499,0.161,13435,5360,59.56,61,12083,0,1,0,2.93,5,3,0.691,4,0.388,95.6,96,84.1,91.9,0
TB000677,Blue,2021-04-01,1971,SJU,74,0,3,3,3,214.58,714.32,Blue Basic,0.458,2,0.667,0.382,0.137,9846,3077,34.19,420,3376,0,0,0,4.87,4,1,0.127,3,0.326,91.8,36,7.1,45.0,1
TB000678,Blue Plus,2020-09-16,2168,JFK,69,1,1,2,15,323.09,4947.37,Blue,0.012,6,0.4,0.266,0.069,20480,4956,55.07,265,16321,0,1,0,2.96,8,4,0.553,15,0.313,92.3,24,49.5,55.3,1
TB000679,Blue Plus,2025-08-05,384,FLL,72,2,2,5,5,366.48,1648.15,Mint,0.086,7,1.0,0.546,0.268,6480,692,7.69,151,3392,0,2,1,3.85,5,1,0.157,5,0.367,92.0,60,16.5,56.2,1
TB000680,Blue,2016-09-14,3631,MCO,51,0,2,2,12,414.59,4784.58,Blue Basic,0.175,6,0.5,0.249,0.135,10552,2148,23.87,27,4457,0,1,1,3.18,2,1,0.348,11,0.381,94.3,24,47.8,55.4,0
TB000681,Blue Plus,2024-07-07,778,MCO,125,2,2,4,4,276.19,1092.6,Blue Basic,0.266,3,0.75,0.237,0.081,13787,1288,14.31,53,12569,0,1,1,4.01,5,2,0.5,11,0.587,86.1,48,10.9,48.3,0
TB000682,Blue,2024-09-05,718,SJU,443,1,1,1,1,344.94,319.93,Blue,0.266,6,1.0,0.277,0.093,15128,2895,32.17,182,5238,0,0,0,5.0,8,1,0.1,11,0.224,50.8,12,3.2,22.0,1
TB000683,Blue,2022-02-03,1663,BOS,151,3,5,6,9,293.35,2398.76,Blue,0.003,7,0.778,0.316,0.095,3515,0,0.0,873,4749,1,1,0,4.18,9,6,0.635,16,0.167,83.2,72,24.0,59.7,1
TB000684,Mosaic,2016-10-24,3591,JFK,12,4,8,12,23,451.21,9483.39,Blue,0.248,11,0.478,0.474,0.211,23223,4321,48.01,31,8239,0,2,0,4.06,3,1,0.486,22,0.647,98.7,100,94.8,97.8,0
TB000685,Mosaic,2019-08-09,2572,JFK,8,4,5,6,12,446.99,4980.89,Blue Extra,0.408,8,0.667,0.328,0.114,9627,2672,29.69,52,3948,0,0,0,4.59,10,5,0.493,12,0.477,99.1,72,49.8,73.6,0
TB000686,Blue,2014-11-09,4306,BOS,179,2,2,5,10,282.97,2930.94,Mint,0.386,2,0.2,0.238,0.107,85,594,6.6,400,10101,0,0,0,4.41,4,0,0.0,7,0.309,80.1,60,29.3,56.5,0
TB000687,Mosaic,2023-05-07,1205,BOS,12,3,3,5,8,327.72,2286.68,Blue Basic,0.105,7,0.875,0.457,0.097,27944,2382,26.47,22,16045,0,0,0,4.41,6,3,0.555,38,0.374,98.7,60,22.9,60.5,0
TB000688,Blue Plus,2017-10-16,3234,BOS,18,2,3,5,14,339.06,4653.45,Blue,0.266,4,0.286,0.375,0.122,20620,2225,24.72,1,13442,0,0,0,3.84,3,2,0.772,12,0.41,98.0,60,46.5,68.2,0
TB000689,Blue Plus,2016-01-26,3863,JFK,30,0,3,3,9,254.55,2489.79,Blue Basic,0.346,3,0.333,0.354,0.061,10493,0,0.0,282,8277,0,2,1,3.34,4,1,0.277,19,0.668,96.7,36,24.9,52.5,0
TB000690,Blue,2015-12-05,3915,BOS,73,2,4,7,17,278.52,4779.04,Blue Extra,0.374,1,0.059,0.453,0.169,14017,609,6.77,327,5688,0,1,0,2.93,2,0,0.059,8,0.011,91.9,84,47.8,74.6,1
TB000691,Mosaic,2018-09-29,2886,JFK,152,1,2,4,5,218.17,1132.29,Blue,0.687,3,0.6,0.493,0.211,8624,3762,41.8,22,2554,0,2,0,2.61,4,0,0.057,20,0.414,83.1,48,11.3,47.5,1
TB000692,Blue Plus,2025-08-11,378,SJU,487,0,0,1,4,272.96,1122.79,Mint,0.2,2,0.5,0.436,0.116,4122,1185,13.17,80,13245,0,1,0,3.61,6,3,0.459,7,0.469,45.9,12,11.2,23.0,1
TB000693,Blue Plus,2019-11-05,2484,JFK,646,1,2,3,6,220.58,1178.71,Mint,0.36,4,0.667,0.367,0.192,18861,0,0.0,72,5538,0,1,1,3.44,4,1,0.234,14,0.47,28.2,36,11.8,25.3,1
TB000694,Blue,2017-03-07,3457,LAX,300,1,4,4,5,192.52,819.25,Blue Basic,0.042,4,0.8,0.483,0.114,10503,0,0.0,403,0,1,3,0,2.68,8,0,0.0,11,0.33,66.7,48,8.2,41.0,1
TB000695,Blue Plus,2017-01-13,3510,MCO,249,0,2,2,23,276.85,6894.13,Blue Extra,0.345,7,0.304,0.179,0.077,22835,2001,22.23,18,1862,0,0,0,4.2,7,4,0.506,11,0.492,72.3,24,68.9,55.1,0
TB000696,Mosaic,2020-12-07,2086,FLL,18,4,5,7,21,388.21,8949.48,Blue Extra,0.295,7,0.333,0.262,0.195,22709,0,0.0,77,22593,0,0,0,4.69,4,3,0.646,21,0.506,98.0,84,89.5,90.5,0
TB000697,Blue Plus,2020-07-17,2229,BOS,7,1,1,1,11,283.46,3178.89,Blue Basic,0.071,8,0.727,0.478,0.184,11779,1835,20.39,169,14012,0,2,0,2.77,6,2,0.372,4,0.395,99.2,12,31.8,47.7,0
TB000698,Blue,2017-06-09,3363,JFK,11,2,2,3,16,349.7,5200.76,Blue Extra,0.197,4,0.25,0.47,0.208,11746,1799,19.99,70,4419,0,0,0,4.41,6,4,0.607,12,0.17,98.8,36,52.0,62.3,0
TB000699,Mosaic,2023-03-03,1270,JFK,31,2,4,4,12,267.8,2799.12,Blue,0.07,8,0.667,0.484,0.156,15001,2613,29.03,10,9962,0,1,0,4.07,5,1,0.219,18,0.708,96.6,48,28.0,57.5,0
TB000700,Mosaic,2016-06-09,3728,LAX,14,3,5,5,22,299.71,5754.06,Blue,0.27,7,0.318,0.24,0.315,18239,535,5.94,139,13138,0,0,0,4.86,9,7,0.732,15,0.634,98.4,60,57.5,72.0,0
TB000701,Blue Plus,2025-05-11,470,FLL,21,2,3,9,13,340.12,4236.58,Blue Basic,0.165,7,0.538,0.385,0.254,15946,1932,21.47,150,18420,0,0,0,4.2,5,3,0.632,2,0.391,97.7,100,42.4,80.0,0
TB000702,Blue,2021-11-23,1735,FLL,187,0,0,2,9,319.72,3008.3,Blue,0.226,7,0.778,0.336,0.223,7626,0,0.0,111,2813,0,1,1,3.04,4,2,0.497,4,0.337,79.2,24,30.1,44.4,0
TB000703,Blue,2017-06-28,3344,MCO,50,2,5,5,22,463.06,11077.17,Blue Extra,0.053,7,0.318,0.0,0.218,24004,2320,25.78,17,10008,0,0,0,4.5,3,1,0.263,0,0.638,94.4,60,100,84.8,0
TB000704,Mosaic,2020-01-10,2418,JFK,13,0,1,3,3,262.2,793.46,Blue Extra,0.584,2,0.667,0.199,0.069,15218,2688,29.87,80,7680,0,2,0,3.33,10,5,0.452,12,0.423,98.6,36,7.9,47.5,1
TB000705,Blue,2020-05-30,2277,SJU,374,1,4,11,18,364.49,6927.54,Blue Extra,0.381,3,0.167,0.432,0.151,10747,1995,22.17,4,551,0,1,0,3.17,4,1,0.259,12,0.462,58.4,100,69.3,75.9,1
TB000706,Blue,2024-07-18,767,BOS,204,2,7,9,14,273.3,4116.57,Blue,0.289,4,0.286,0.39,0.234,18021,289,3.21,503,1801,0,0,0,4.55,6,3,0.435,5,0.125,77.3,100,41.2,72.8,1
TB000707,Blue Plus,2017-01-10,3513,BOS,51,1,5,7,21,133.64,2819.11,Blue,0.282,5,0.238,0.335,0.091,0,2761,30.68,182,7774,0,1,0,2.73,3,1,0.222,13,0.059,94.3,84,28.2,68.8,0
TB000708,Blue Plus,2026-02-27,178,LAX,194,3,6,8,8,378.59,2949.55,Blue Basic,0.085,10,1.0,0.297,0.315,13943,4039,44.88,82,8100,0,0,0,4.2,5,2,0.411,13,0.612,78.4,96,29.5,68.0,0
TB000709,Blue,2015-03-12,4183,BOS,33,2,2,5,19,321.03,6943.09,Blue,0.391,6,0.316,0.167,0.152,18994,1251,13.9,278,0,0,2,0,4.51,9,2,0.254,19,0.46,96.3,60,69.4,75.2,0
TB000710,Blue,2023-06-09,1172,JFK,174,0,0,0,0,178.09,203.44,Blue,0.52,4,1.0,0.373,0.163,5451,1383,15.37,16,2873,0,1,1,2.42,5,1,0.155,7,0.194,80.7,0,2.0,27.6,0
TB000711,Blue Plus,2023-09-18,1071,JFK,286,0,0,0,11,225.85,2817.13,Blue Extra,0.579,2,0.182,0.351,0.093,10511,0,0.0,954,1327,0,1,0,2.7,7,1,0.193,8,0.397,68.2,0,28.2,32.1,1
TB000712,Blue Plus,2025-12-31,236,SJU,26,2,2,6,11,178.06,2231.33,Blue,0.305,5,0.455,0.233,0.12,8857,2654,29.49,25,18194,0,0,0,4.5,4,0,0.0,19,0.106,97.1,72,22.3,63.8,0
TB000713,Blue,2017-03-08,3456,JFK,76,0,0,0,10,311.27,3564.26,Mint,0.161,3,0.3,0.428,0.081,14127,742,8.24,232,0,0,1,0,2.54,4,1,0.252,11,0.384,91.6,0,35.6,42.4,0
TB000714,Blue,2015-05-04,4130,FLL,900,0,0,1,1,220.75,191.19,Blue Extra,0.532,1,1.0,0.415,0.135,0,1829,20.32,797,0,0,1,1,2.65,9,2,0.201,0,0.0,0,12,1.9,4.6,1
TB000715,Blue,2024-08-04,750,MCO,187,1,1,2,2,280.6,555.07,Blue Basic,0.212,4,1.0,0.267,0.241,9574,4937,54.86,143,7692,0,1,0,2.92,4,2,0.539,12,0.343,79.2,24,5.6,36.3,1
TB000716,Blue Plus,2024-05-11,835,BOS,5,0,4,10,11,474.68,4875.24,Blue Extra,0.321,11,1.0,0.34,0.125,7265,1021,11.34,23,13622,0,0,0,4.9,8,3,0.433,12,0.633,99.4,100,48.8,82.7,0
TB000717,Blue Plus,2022-01-16,1681,BOS,106,3,3,3,13,378.23,4586.6,Mint,0.304,11,0.846,0.384,0.095,16982,1270,14.11,8,14858,0,0,0,4.38,5,3,0.517,0,0.541,88.2,36,45.9,56.7,0
TB000718,Blue Plus,2018-08-10,2936,SJU,232,0,2,4,18,342.5,6803.82,Blue,0.332,3,0.167,0.499,0.097,25031,3543,39.37,94,4229,0,1,1,3.05,6,0,0.0,7,0.098,74.2,48,68.0,63.4,1
TB000719,Blue,2016-01-26,3863,FLL,45,1,3,5,9,319.57,2886.47,Blue Extra,0.0,5,0.556,0.492,0.076,17006,307,3.41,1000,5711,1,2,1,3.16,7,1,0.091,12,0.525,95.0,60,28.9,61.3,0
TB000720,Mosaic,2020-02-18,2379,FLL,236,0,0,2,11,224.85,2113.28,Blue,0.223,3,0.273,0.378,0.228,16837,5209,57.88,32,0,0,0,0,4.06,7,1,0.127,13,0.148,73.8,24,21.1,39.6,1
TB000721,Blue,2017-11-03,3216,FLL,52,0,0,3,15,443.93,7486.77,Blue,0.247,1,0.067,0.384,0.164,18620,3357,37.3,57,9453,0,1,0,4.17,6,5,0.857,18,0.489,94.2,36,74.9,68.4,0
TB000722,Blue Plus,2023-01-20,1312,LAX,186,2,4,7,11,347.47,3870.13,Blue Basic,0.288,5,0.455,0.518,0.082,4420,539,5.99,309,5634,0,1,1,3.44,6,1,0.181,13,0.456,79.3,84,38.7,67.3,0
TB000723,Blue,2020-01-16,2412,LAX,69,1,2,2,2,265.65,466.06,Blue Basic,0.397,3,1.0,0.457,0.106,7161,0,0.0,251,5987,0,0,0,4.63,5,0,0.0,5,0.041,92.3,24,4.7,40.3,1
TB000724,Blue,2023-07-01,1150,FLL,109,1,1,2,9,339.94,3302.76,Blue,0.398,5,0.556,0.148,0.283,19404,2223,24.7,226,10648,0,2,1,3.22,7,2,0.293,0,0.217,87.9,24,33.0,48.3,1
TB000725,Blue,2016-01-21,3868,MCO,64,2,4,6,23,274.35,6048.16,Blue Extra,0.25,3,0.13,0.159,0.165,15924,4138,45.98,55,8528,0,0,0,4.67,7,4,0.585,0,0.301,92.9,72,60.5,75.1,0
TB000726,Blue,2022-07-03,1513,JFK,35,1,1,5,6,220.75,1184.43,Blue,0.017,3,0.5,0.23,0.177,14867,2767,30.74,566,3911,0,0,0,4.9,3,1,0.392,6,0.0,96.1,60,11.8,56.0,0
TB000727,Blue,2023-06-18,1163,JFK,401,1,1,3,4,286.16,1280.6,Blue,0.333,2,0.5,0.276,0.118,16096,2119,23.54,112,5685,0,1,0,2.76,1,0,0.192,6,0.356,55.4,36,12.8,34.7,1
TB000728,Blue Plus,2019-03-23,2711,BOS,582,0,1,1,4,184.25,717.43,Blue Basic,0.087,4,1.0,0.241,0.15,10189,3093,34.37,20,4702,0,1,0,2.95,5,2,0.313,13,0.05,35.3,12,7.2,18.2,1
TB000729,Blue,2021-12-09,1719,BOS,20,3,3,3,11,352.21,3833.38,Blue,0.362,4,0.364,0.406,0.143,20085,4745,52.72,24,12885,0,0,0,4.32,9,2,0.22,20,0.535,97.8,36,38.3,57.4,0
TB000730,Blue Plus,2017-01-13,3510,LAX,101,1,3,3,22,270.42,6832.53,Mint,0.255,5,0.227,0.398,0.224,11794,2397,26.63,86,10443,0,0,0,3.69,6,3,0.547,14,0.576,88.8,36,68.3,64.4,0
TB000731,Blue Plus,2025-09-06,352,BOS,107,1,3,7,12,491.3,5335.88,Blue Extra,0.133,8,0.667,0.434,0.085,8436,2276,25.29,30,11680,0,1,0,4.28,5,1,0.195,29,0.561,88.1,84,53.4,75.2,0
TB000732,Blue Plus,2019-04-11,2692,JFK,61,3,5,9,27,465.7,11367.49,Blue Extra,0.318,9,0.333,0.38,0.265,14611,5660,62.89,109,21488,0,0,0,4.41,3,1,0.321,6,0.466,93.2,100,100,97.7,0
TB000733,Blue,2018-08-01,2945,BOS,17,2,4,4,26,387.58,10094.21,Blue,0.215,7,0.269,0.551,0.145,17909,2820,31.33,3,20040,0,0,0,5.0,9,6,0.678,8,0.664,98.1,48,100,82.0,0
TB000734,Blue,2019-11-08,2481,JFK,3,1,2,6,18,340.18,6855.74,Blue,0.283,7,0.389,0.437,0.134,17456,2756,30.62,72,5123,0,0,0,4.58,5,1,0.173,4,0.55,99.7,72,68.6,80.1,0
TB000735,Blue,2025-10-25,303,MCO,100,2,2,2,2,270.82,491.86,Blue Extra,0.293,6,1.0,0.294,0.179,12174,2139,23.77,150,1376,0,2,0,3.36,5,3,0.526,0,0.375,88.9,24,4.9,39.3,0
TB000736,Blue,2025-04-10,501,BOS,199,1,1,5,5,235.37,1020.25,Blue Basic,0.448,3,0.6,0.248,0.158,6624,1824,20.27,697,0,0,2,0,1.83,4,0,0.0,26,0.302,77.9,60,10.2,49.4,1
TB000737,Blue,2024-11-10,652,JFK,76,1,2,2,2,361.7,717.64,Blue Basic,0.4,2,1.0,0.349,0.187,19486,506,5.62,493,352,0,1,1,3.1,5,1,0.297,0,0.299,91.6,24,7.2,40.9,1
TB000738,Blue Plus,2022-04-12,1595,LAX,46,2,3,6,14,337.74,4316.83,Blue Extra,0.417,7,0.5,0.368,0.303,8203,2306,25.62,364,5320,0,0,0,3.44,7,1,0.194,23,0.495,94.9,72,43.2,70.0,0
TB000739,Blue Plus,2021-04-07,1965,BOS,223,0,0,5,13,234.53,3264.71,Mint,0.199,7,0.538,0.485,0.174,7211,3423,38.03,619,14593,0,0,0,4.92,5,3,0.696,21,0.465,75.2,60,32.6,55.9,1
TB000740,Blue,2020-01-24,2404,SJU,207,1,1,5,16,248.18,4007.1,Blue Extra,0.0,5,0.312,0.291,0.03,9112,2816,31.29,24,8623,0,0,0,3.92,6,3,0.481,7,0.725,77.0,60,40.1,59.0,0
TB000741,Blue,2019-05-31,2642,JFK,138,1,2,4,13,350.13,4899.87,Blue,0.108,8,0.615,0.472,0.294,10989,2773,30.81,112,2625,0,0,0,4.53,6,2,0.397,6,0.525,84.7,48,49.0,60.6,1
TB000742,Blue Plus,2022-08-22,1463,SJU,218,0,0,0,4,185.91,662.07,Blue,0.286,7,1.0,0.369,0.127,2700,222,2.47,64,0,0,1,1,2.93,3,1,0.492,9,0.106,75.8,0,6.6,27.5,1
TB000743,Blue,2022-07-31,1485,BOS,70,2,5,8,13,336.06,3774.77,Mint,0.323,5,0.385,0.293,0.091,13780,3127,34.74,178,0,0,1,0,3.39,6,2,0.352,26,0.397,92.2,96,37.7,75.3,0
TB000744,Mosaic,2019-04-06,2697,JFK,23,3,7,11,17,261.02,4668.03,Blue Basic,0.294,5,0.294,0.479,0.226,17542,1753,19.48,126,14794,0,0,0,5.0,4,1,0.369,20,0.532,97.4,100,46.7,81.4,0
TB000745,Blue,2016-04-02,3796,LAX,266,3,3,4,8,392.42,2698.26,Blue Extra,0.279,7,0.875,0.488,0.346,19256,0,0.0,266,0,0,1,1,3.58,5,4,0.734,21,0.278,70.4,48,27.0,48.5,0
TB000746,Blue Plus,2022-06-19,1527,MCO,66,2,2,4,9,457.37,3706.61,Blue Basic,0.108,7,0.778,0.231,0.15,15682,4737,52.63,663,15747,0,2,0,4.1,9,6,0.645,23,0.71,92.7,48,37.1,59.3,1
TB000747,Blue Plus,2014-12-31,4254,LAX,15,1,5,6,9,219.9,2201.39,Blue,0.211,6,0.667,0.405,0.221,7439,2321,25.79,279,14183,0,1,0,3.3,8,1,0.16,14,0.113,98.3,72,22.0,64.1,1
TB000748,Blue,2024-06-17,798,SJU,554,2,2,3,3,300.66,868.2,Blue,0.071,5,1.0,0.417,0.107,5354,2529,28.1,272,2371,0,1,0,4.07,1,1,0.553,14,0.359,38.4,36,8.7,27.7,1
TB000749,Blue,2014-12-16,4269,BOS,437,0,2,5,15,225.28,2983.83,Blue Extra,0.253,5,0.333,0.215,0.027,8417,2721,30.23,57,0,0,2,1,3.92,5,2,0.328,17,0.189,51.4,60,29.8,47.1,1
TB000750,Blue Plus,2017-09-04,3276,BOS,48,1,2,2,11,138.38,1544.1,Blue Basic,0.278,2,0.182,0.496,0.089,11086,0,0.0,408,0,1,1,0,3.34,3,1,0.252,5,0.16,94.7,24,15.4,44.7,1
TB000751,Blue,2019-09-25,2525,JFK,126,0,0,0,7,109.34,656.1,Blue Extra,0.342,2,0.286,0.445,0.055,8313,1343,14.92,29,1321,0,1,0,2.47,7,5,0.644,17,0.25,86.0,0,6.6,30.9,0
TB000752,Blue,2021-12-11,1717,BOS,10,2,3,3,18,278.47,4282.89,Blue Basic,0.335,3,0.167,0.278,0.058,9318,1843,20.48,25,12315,0,2,0,3.72,2,1,0.36,15,0.345,98.9,36,42.8,59.2,0
TB000753,Blue,2019-08-29,2552,MCO,168,0,1,3,7,205.11,1631.18,Blue Basic,0.453,2,0.286,0.448,0.132,18605,1379,15.32,5,3099,0,2,0,3.21,6,1,0.167,12,0.082,81.3,36,16.3,44.5,0
TB000754,Blue,2026-07-09,46,FLL,241,2,3,3,3,152.93,496.75,Blue,0.351,2,0.667,0.388,0.03,5038,0,0.0,554,5175,0,2,1,1.54,2,0,0.0,5,0.285,73.2,36,5.0,38.1,1
TB000755,Blue,2025-05-27,454,JFK,19,3,5,5,5,256.43,1341.4,Blue Basic,0.579,7,1.0,0.38,0.168,13749,2427,26.97,93,21984,0,0,0,4.64,8,2,0.269,14,0.818,97.9,60,13.4,57.1,0
TB000756,Mosaic,2022-12-28,1335,JFK,142,2,2,4,10,264.28,2483.56,Blue,0.268,4,0.4,0.21,0.175,3865,0,0.0,635,10089,0,2,1,3.48,6,4,0.61,6,0.292,84.2,48,24.8,52.3,0
TB000757,Blue,2024-02-04,932,JFK,57,3,5,7,11,338.65,3864.73,Blue,0.069,3,0.273,0.438,0.312,13823,3576,39.73,61,1202,0,0,0,4.62,7,5,0.712,13,0.654,93.7,84,38.6,72.1,0
TB000758,Blue Plus,2026-04-27,119,MCO,141,0,0,0,0,270.34,262.86,Blue Basic,0.544,8,1.0,0.262,0.166,18871,5207,57.86,149,0,0,1,0,3.65,7,3,0.379,12,0.506,84.3,0,2.6,29.0,0
TB000759,Blue,2023-08-01,1119,LAX,24,0,1,4,9,319.87,3098.11,Blue,0.329,3,0.333,0.214,0.0,24552,953,10.59,29,15272,0,0,0,4.73,7,3,0.461,8,0.333,97.3,48,31.0,58.8,0
TB000760,Blue Plus,2017-08-04,3307,FLL,900,2,2,2,2,240.25,520.21,Mint,0.168,4,1.0,0.278,0.199,11890,0,0.0,753,0,0,1,0,3.18,8,2,0.264,20,0.032,0,24,5.2,9.7,1
TB000761,Blue,2017-08-20,3291,FLL,216,2,3,4,22,318.8,8034.64,Blue Extra,0.438,5,0.227,0.183,0.081,18446,428,4.76,31,6293,0,1,0,4.77,5,1,0.25,18,0.377,76.0,48,80.3,68.1,0
TB000762,Blue,2026-04-15,131,MCO,128,2,6,8,12,168.7,2214.55,Blue Basic,0.333,7,0.583,0.51,0.134,13112,2360,26.22,2,8111,0,1,0,2.85,3,0,0.097,11,0.449,85.8,96,22.1,68.0,0
TB000763,Blue,2019-09-22,2528,FLL,308,0,2,2,6,280.06,1487.9,Blue Basic,0.337,3,0.5,0.538,0.06,10413,1926,21.4,207,1456,0,1,0,3.16,9,1,0.164,0,0.335,65.8,24,14.9,34.9,1
TB000764,Blue,2023-03-04,1269,JFK,45,2,3,7,7,339.98,2457.42,Blue Extra,0.161,5,0.714,0.55,0.283,24946,1415,15.72,118,19277,0,0,0,4.03,2,1,0.333,16,0.604,95.0,84,24.6,67.9,0
TB000765,Blue,2026-07-03,52,JFK,24,1,1,1,3,242.83,786.29,Blue Extra,0.142,1,0.333,0.272,0.283,6972,2158,23.98,381,0,0,3,0,2.19,6,1,0.238,3,0.384,97.3,12,7.9,39.1,1
TB000766,Blue Plus,2022-10-05,1419,BOS,8,4,6,9,10,359.51,4097.69,Blue Basic,0.095,10,1.0,0.228,0.098,21318,5060,56.22,6,10748,0,0,0,4.71,4,3,0.694,14,0.398,99.1,100,41.0,80.0,0
TB000767,Blue,2025-12-27,240,BOS,172,1,1,2,13,168.44,2442.54,Blue,0.22,2,0.154,0.388,0.04,13066,0,0.0,825,2571,0,2,0,3.14,8,0,0.0,5,0.0,80.9,24,24.4,43.1,1
TB000768,Mosaic,2024-12-01,631,JFK,1,1,1,5,5,199.99,946.24,Blue Extra,0.247,8,1.0,0.306,0.097,5934,0,0.0,9,201,0,0,0,4.56,6,2,0.359,26,0.499,99.9,60,9.5,56.5,0
TB000769,Blue,2023-12-08,990,JFK,900,0,0,4,4,146.82,513.54,Blue,0.266,1,0.25,0.374,0.014,3875,0,0.0,310,6480,0,1,0,3.63,5,0,0.0,0,0.0,0,48,5.1,17.7,1
TB000770,Blue Plus,2019-05-08,2665,MCO,5,4,7,8,14,400.92,6230.78,Blue Extra,0.135,8,0.571,0.423,0.168,21983,2902,32.24,161,3212,0,0,0,5.0,7,3,0.464,18,0.486,99.4,96,62.3,85.9,0
TB000771,Blue,2025-08-11,378,BOS,196,1,3,6,15,350.98,5773.78,Blue,0.574,4,0.267,0.502,0.216,20619,257,2.86,111,12013,0,1,0,2.84,5,2,0.341,4,0.28,78.2,72,57.7,69.3,0
TB000772,Blue,2025-11-03,294,LAX,205,2,4,5,5,358.9,1778.56,Blue Basic,0.161,5,1.0,0.295,0.273,13072,1522,16.91,182,13699,0,0,0,5.0,3,2,0.576,15,0.249,77.2,60,17.8,51.7,1
TB000773,Blue,2018-12-18,2806,JFK,91,0,1,1,11,291.16,3113.83,Blue Basic,0.217,2,0.182,0.136,0.316,15436,2901,32.23,305,5087,0,1,0,2.74,5,2,0.346,17,0.22,89.9,12,31.1,44.3,1
TB000774,Blue,2017-09-28,3252,BOS,40,2,4,4,18,359.26,6740.36,Blue,0.006,7,0.389,0.434,0.154,15466,2203,24.48,36,8363,0,0,0,4.87,6,3,0.497,12,0.419,95.6,48,67.4,70.3,0
TB000775,Blue,2018-03-30,3069,BOS,118,0,1,1,10,82.53,711.82,Blue,0.277,3,0.3,0.222,0.269,1974,752,8.36,135,8760,0,0,0,4.32,5,0,0.0,16,0.278,86.9,12,7.1,35.3,0
TB000776,Blue Plus,2019-03-06,2728,LAX,97,2,3,4,9,309.02,2889.02,Blue,0.19,9,1.0,0.359,0.07,3988,4009,44.54,148,6664,0,0,0,4.03,6,2,0.319,20,0.812,89.2,48,28.9,55.4,0
TB000777,Blue,2017-02-22,3470,BOS,66,1,1,3,17,300.22,4983.7,Mint,0.349,6,0.353,0.274,0.207,27460,3941,43.79,186,11942,0,1,0,4.4,5,2,0.463,6,0.589,92.7,36,49.8,59.5,0
TB000778,Blue,2018-03-10,3089,BOS,8,2,3,6,14,346.84,5161.17,Mint,0.231,4,0.286,0.305,0.086,26678,1133,12.59,137,5378,0,1,0,3.62,2,1,0.669,8,0.268,99.1,72,51.6,74.2,0
TB000779,Blue,2019-10-30,2490,BOS,26,1,1,6,12,320.16,3637.07,Blue,0.226,9,0.75,0.113,0.271,9698,3636,40.4,223,27169,0,0,0,4.23,2,1,0.445,10,0.405,97.1,72,36.4,68.5,0
TB000780,Blue,2024-04-25,851,FLL,181,0,0,1,6,373.47,2368.68,Blue,0.027,4,0.667,0.456,0.427,6342,2096,23.29,54,1966,0,1,0,3.68,7,3,0.419,0,0.065,79.9,12,23.7,38.5,1
TB000781,Blue,2020-10-09,2145,BOS,30,3,5,6,12,213.97,2684.5,Blue Basic,0.253,7,0.583,0.347,0.397,22026,3255,36.17,39,10487,0,0,0,4.43,7,2,0.331,25,0.287,96.7,72,26.8,65.2,0
TB000782,Blue,2026-05-12,104,BOS,220,0,2,2,2,374.94,839.12,Blue Basic,0.373,5,1.0,0.441,0.343,13944,2325,25.83,311,11824,0,0,0,4.55,7,3,0.414,4,0.217,75.6,24,8.4,36.0,0
TB000783,Blue,2015-07-07,4066,BOS,53,1,4,6,6,236.44,1612.26,Blue,0.256,5,0.833,0.503,0.152,13792,1465,16.28,11,651,0,1,0,2.8,8,4,0.491,13,0.037,94.1,72,16.1,60.7,0
TB000784,Blue Plus,2025-05-12,469,JFK,1,3,4,4,7,310.16,1954.23,Blue,0.349,9,1.0,0.419,0.079,22899,5400,60.0,25,1202,0,1,0,3.13,9,5,0.583,9,0.628,99.9,48,19.5,55.8,0
TB000785,Blue,2024-12-21,611,LAX,64,2,2,3,13,372.18,5536.43,Blue,0.12,3,0.231,0.439,0.06,18584,2677,29.74,284,0,0,1,0,3.2,7,3,0.477,1,0.354,92.9,36,55.4,61.4,0
TB000786,Blue,2016-10-10,3605,BOS,227,2,4,5,13,314.3,3665.4,Blue,0.185,1,0.077,0.21,0.001,9312,2878,31.98,607,6297,0,1,1,2.37,7,5,0.715,8,0.396,74.8,60,36.7,57.2,1
TB000787,Blue,2014-08-27,4380,FLL,119,0,2,7,15,245.87,3926.08,Blue Extra,0.259,4,0.267,0.403,0.127,3130,2371,26.34,245,14067,0,1,0,3.26,7,4,0.587,13,0.418,86.8,84,39.3,70.0,0
TB000788,Blue,2018-04-07,3061,LAX,868,1,1,1,11,239.11,2829.87,Blue,0.155,4,0.364,0.155,0.091,12009,3241,36.01,83,12219,0,1,0,3.58,7,3,0.473,16,0.515,3.6,12,28.3,14.6,1
TB000789,Blue,2017-12-12,3177,JFK,88,1,1,3,6,317.75,2164.5,Blue,0.179,3,0.5,0.262,0.27,7469,3197,35.52,23,10800,0,0,0,4.46,6,3,0.546,13,0.201,90.2,36,21.6,49.3,0
TB000790,Blue,2014-08-28,4379,BOS,6,1,4,6,22,357.62,7100.84,Blue Basic,0.23,6,0.273,0.361,0.147,17792,0,0.0,35,1959,0,1,0,3.21,5,2,0.313,21,0.475,99.3,72,71.0,80.8,0
TB000791,Mosaic,2021-01-24,2038,JFK,96,2,4,4,17,305.8,5060.13,Blue Basic,0.279,4,0.235,0.161,0.117,17898,6801,75.57,203,8434,0,0,0,4.44,8,2,0.257,10,0.642,89.3,48,50.6,62.6,0
TB000792,Blue,2015-08-23,4019,SJU,531,2,3,4,14,392.57,5539.88,Blue Basic,0.392,4,0.286,0.353,0.072,12406,1207,13.41,111,15970,0,0,0,3.93,6,3,0.435,19,0.56,41.0,48,55.4,48.1,1
TB000793,Blue,2025-07-21,399,FLL,1,5,7,8,16,497.11,8804.69,Blue Extra,0.338,7,0.438,0.302,0.206,19614,3263,36.26,6,11339,0,0,0,5.0,7,3,0.485,12,0.437,99.9,96,88.0,94.6,0
TB000794,Blue,2024-01-06,961,SJU,391,1,1,1,1,201.18,183.16,Blue,0.278,3,1.0,0.383,0.056,5739,2836,31.51,639,10906,1,1,0,4.17,9,5,0.581,12,0.299,56.6,12,1.8,23.5,1
TB000795,Blue,2020-04-14,2323,BOS,75,3,5,6,17,277.27,4996.11,Blue,0.331,8,0.471,0.115,0.313,1746,1798,19.98,227,1246,0,0,0,4.44,7,2,0.27,18,0.355,91.7,72,50.0,71.2,0
TB000796,Blue,2026-01-15,221,FLL,5,1,2,5,5,375.15,1945.91,Mint,0.285,8,1.0,0.375,0.27,17545,3319,36.88,50,12514,0,0,0,4.86,2,1,0.538,9,0.388,99.4,60,19.5,59.6,0
TB000797,Blue,2016-02-11,3847,JFK,68,2,6,10,24,398.08,8701.3,Blue,0.526,6,0.25,0.46,0.039,15010,3202,35.58,68,7048,0,1,0,3.75,8,2,0.282,9,0.415,92.4,100,87.0,93.1,0
TB000798,Blue,2015-03-24,4171,FLL,86,3,3,3,22,272.42,5810.91,Blue Basic,0.083,3,0.136,0.478,0.225,11163,1525,16.94,417,5735,0,0,0,5.0,8,1,0.164,2,0.158,90.4,36,58.1,61.5,0
TB000799,Blue,2024-05-11,835,BOS,322,1,1,1,7,241.45,1822.2,Mint,0.361,4,0.571,0.278,0.121,11711,0,0.0,40,0,0,0,0,4.64,10,0,0.0,7,0.161,64.2,12,18.2,31.5,1
TB000800,Blue,2025-07-12,408,BOS,82,2,2,5,5,340.64,1820.52,Blue Basic,0.401,5,1.0,0.488,0.158,12643,2651,29.46,38,11101,0,0,0,4.57,7,2,0.304,13,0.431,90.9,60,18.2,56.4,0
TB000801,Blue,2025-10-30,298,MCO,165,2,2,2,2,179.43,381.57,Blue Basic,0.439,4,1.0,0.388,0.169,20433,2365,26.28,904,0,0,0,0,5.0,3,1,0.3,0,0.288,81.7,24,3.8,36.5,1
TB000802,Blue,2019-04-17,2686,FLL,564,0,0,0,12,282.77,3778.38,Blue,0.247,4,0.333,0.386,0.364,12466,0,0.0,123,0,0,1,0,2.74,5,4,0.746,0,0.323,37.3,0,37.8,25.0,1
TB000803,Blue,2019-11-17,2472,SJU,35,1,3,6,15,378.16,5947.92,Blue Extra,0.041,9,0.6,0.094,0.202,5279,661,7.34,31,4422,0,1,0,2.51,4,1,0.325,7,0.437,96.1,72,59.5,75.9,0
TB000804,Blue,2019-09-28,2522,JFK,79,0,0,0,5,109.34,476.01,Blue,0.332,1,0.2,0.358,0.133,472,323,3.59,143,0,0,2,0,2.91,6,0,0.007,0,0.0,91.2,0,4.8,32.0,1
TB000805,Blue,2015-08-23,4019,BOS,461,4,5,6,17,287.0,4383.63,Blue Basic,0.211,4,0.235,0.175,0.0,13406,1267,14.08,365,4348,0,1,0,3.35,5,0,0.0,1,0.367,48.8,72,43.8,54.9,1
TB000806,Blue,2025-12-26,241,JFK,263,0,2,2,2,381.36,703.54,Blue Basic,0.52,3,1.0,0.515,0.123,21868,1405,15.61,183,2862,0,0,0,4.58,5,2,0.483,5,0.273,70.8,24,7.0,33.9,1
TB000807,Blue,2017-03-31,3433,FLL,1,1,3,3,6,160.04,1049.92,Mint,0.541,5,0.833,0.474,0.242,5855,2106,23.4,331,16370,0,3,0,3.61,5,1,0.192,0,0.041,99.9,36,10.5,48.8,1
TB000808,Blue,2016-06-02,3735,LAX,207,0,0,3,10,277.96,2499.59,Blue Basic,0.327,3,0.3,0.506,0.01,5026,1853,20.59,562,3177,0,1,0,3.28,4,2,0.472,11,0.261,77.0,36,25.0,46.0,1
TB000809,Blue,2019-01-20,2773,SJU,237,2,2,3,9,206.0,1627.45,Blue,0.645,4,0.444,0.425,0.151,10099,0,0.0,409,14704,0,1,0,2.88,8,3,0.317,0,0.327,73.7,36,16.3,42.0,1
TB000810,Blue,2026-07-19,36,MCO,610,3,7,10,10,368.08,3896.96,Blue,0.091,4,0.4,0.381,0.178,9576,4076,45.29,160,0,0,1,0,4.64,7,2,0.285,8,0.231,32.2,100,39.0,57.1,1
TB000811,Blue,2016-10-18,3597,BOS,12,1,1,1,8,250.93,2125.91,Blue,0.313,5,0.625,0.222,0.318,8231,2587,28.74,242,4731,0,1,0,2.24,6,0,0.083,4,0.091,98.7,12,21.3,44.0,0
TB000812,Blue,2017-01-26,3497,BOS,106,2,5,7,16,282.1,5006.11,Blue Extra,0.216,3,0.188,0.285,0.195,10122,722,8.02,123,9489,0,1,1,1.99,5,3,0.591,7,0.196,88.2,84,50.1,74.1,1
TB000813,Blue,2023-06-20,1161,JFK,9,3,4,5,8,354.33,2677.35,Blue Basic,0.223,3,0.375,0.546,0.24,11233,3152,35.02,244,5897,0,0,0,4.69,4,2,0.623,16,0.599,99.0,60,26.8,61.9,0
TB000814,Blue Plus,2022-08-13,1472,MCO,58,2,6,10,16,362.11,5055.97,Blue Extra,0.213,9,0.562,0.28,0.126,13655,1981,22.01,55,13467,0,0,0,4.57,7,3,0.382,13,0.68,93.6,100,50.6,81.4,0
TB000815,Blue Plus,2021-09-15,1804,JFK,54,2,4,4,9,303.93,2541.47,Blue,0.16,5,0.556,0.33,0.045,8277,3191,35.46,126,2569,0,0,0,4.7,4,1,0.198,2,0.287,94.0,48,25.4,55.8,0
TB000816,Blue,2021-05-12,1930,JFK,23,2,2,2,9,229.44,2259.53,Blue,0.47,4,0.444,0.462,0.131,8045,3039,33.77,20,8459,0,1,1,1.0,7,1,0.193,13,0.065,97.4,24,22.6,48.0,0
TB000817,Blue Plus,2016-08-29,3647,SJU,240,0,0,4,17,298.78,5172.5,Blue,0.189,4,0.235,0.349,0.104,19195,5793,64.37,180,0,0,2,1,4.47,7,4,0.575,22,0.25,73.3,48,51.7,57.7,0
TB000818,Blue,2021-07-12,1869,FLL,191,2,2,4,8,238.83,1955.21,Blue,0.475,6,0.75,0.311,0.236,5753,64,0.71,336,6261,0,0,0,4.66,6,3,0.475,0,0.24,78.8,48,19.6,48.8,1
TB000819,Blue,2015-01-03,4251,BOS,20,0,0,3,11,284.41,2714.54,Blue,0.34,1,0.091,0.325,0.259,15005,0,0.0,693,16701,1,1,0,3.3,7,2,0.319,11,0.277,97.8,36,27.1,53.6,0
TB000820,Blue Plus,2016-08-25,3651,MCO,57,2,4,7,18,252.88,5019.47,Blue Basic,0.279,3,0.167,0.241,0.099,11010,0,0.0,394,2227,0,0,0,4.66,9,2,0.254,24,0.506,93.7,84,50.2,76.0,0
TB000821,Blue Plus,2017-04-15,3418,BOS,50,0,0,2,5,333.99,1625.71,Blue Extra,0.285,7,1.0,0.643,0.191,17013,2892,32.13,295,12920,0,1,0,3.06,5,0,0.055,4,0.462,94.4,24,16.3,44.9,0
TB000822,Blue Plus,2020-06-19,2257,LAX,48,4,4,6,19,336.67,6962.01,Blue Basic,0.321,4,0.211,0.386,0.165,21328,3388,37.64,111,27893,0,1,0,4.45,7,5,0.722,13,0.419,94.7,72,69.6,78.8,0
TB000823,Blue Plus,2026-01-02,234,JFK,144,2,5,11,15,430.92,7203.97,Blue Extra,0.358,6,0.4,0.349,0.119,15610,2704,30.04,30,18632,0,1,0,2.83,5,2,0.393,26,0.905,84.0,100,72.0,85.3,0
TB000824,Blue Plus,2022-02-19,1647,BOS,65,2,4,6,18,222.99,3531.79,Mint,0.195,6,0.333,0.502,0.222,20949,3459,38.43,31,14945,0,1,0,3.3,9,5,0.545,15,0.637,92.8,72,35.3,66.7,0
TB000825,Mosaic,2014-11-19,4296,MCO,62,0,3,6,10,302.01,2854.4,Blue Extra,0.336,4,0.4,0.484,0.133,3901,1490,16.56,86,0,0,1,0,3.45,5,2,0.479,4,0.247,93.1,72,28.5,64.5,0
TB000826,Blue,2023-10-29,1030,JFK,18,0,1,2,5,360.11,1913.98,Blue Basic,0.171,7,1.0,0.245,0.101,11898,1307,14.52,70,8709,0,1,1,3.28,9,2,0.268,14,0.527,98.0,24,19.1,47.0,0
TB000827,Blue,2015-08-27,4015,MCO,196,1,1,1,8,249.68,2246.06,Blue,0.176,6,0.75,0.38,0.148,26382,4690,52.11,261,2849,0,1,0,3.91,5,1,0.164,17,0.565,78.2,12,22.5,37.6,0
TB000828,Blue Plus,2024-08-17,737,LAX,28,1,1,1,7,279.99,1670.64,Blue Basic,0.409,4,0.571,0.415,0.187,15994,1318,14.64,277,16500,0,0,0,4.45,9,0,0.0,7,0.288,96.9,12,16.7,41.9,0
TB000829,Blue,2017-04-30,3403,BOS,268,1,4,4,11,257.47,2526.91,Blue,0.397,5,0.455,0.525,0.262,6208,234,2.6,49,5408,0,2,1,3.66,6,1,0.105,9,0.426,70.2,48,25.3,47.8,1
TB000830,Blue,2019-11-25,2464,SJU,3,2,3,3,11,325.73,3446.54,Blue Extra,0.139,1,0.091,0.238,0.02,20096,2173,24.14,50,10154,0,0,0,4.92,8,3,0.343,14,0.582,99.7,36,34.5,56.7,0
TB000831,Blue,2023-12-05,993,JFK,119,0,0,0,0,179.52,165.53,Blue Basic,0.04,2,1.0,0.394,0.127,3799,3540,39.33,1000,2213,1,2,0,3.15,3,1,0.489,0,0.133,86.8,0,1.7,29.5,1
TB000832,Blue,2016-05-18,3750,JFK,26,3,4,5,7,269.36,1947.88,Blue Basic,0.31,6,0.857,0.31,0.099,769,571,6.34,285,14289,0,2,0,3.97,4,3,0.65,1,0.352,97.1,60,19.5,58.9,0
TB000833,Blue,2019-05-31,2642,JFK,372,0,3,3,9,300.31,2920.22,Blue,0.214,8,0.889,0.432,0.056,6386,3272,36.36,187,5902,0,1,0,3.6,5,2,0.462,14,0.339,58.7,36,29.2,41.3,1
TB000834,Blue Plus,2020-06-07,2269,FLL,20,2,2,4,10,266.16,2792.46,Blue Basic,0.145,2,0.2,0.243,0.239,4335,921,10.23,405,765,0,1,0,3.03,8,3,0.378,0,0.321,97.8,48,27.9,57.9,1
TB000835,Blue,2020-03-28,2340,SJU,27,0,1,3,3,274.66,768.09,Blue,0.331,5,1.0,0.193,0.31,8689,2059,22.88,186,3645,0,1,0,4.02,5,2,0.409,0,0.242,97.0,36,7.7,46.9,0
TB000836,Blue Plus,2016-06-03,3734,FLL,4,4,5,5,22,469.12,9883.57,Mint,0.277,6,0.273,0.265,0.141,16561,6747,74.97,4,8489,0,0,0,4.91,4,3,0.699,22,0.233,99.6,60,98.8,86.1,0
TB000837,Blue,2023-08-17,1103,JFK,76,2,4,5,14,386.21,5553.48,Blue Extra,0.176,6,0.429,0.071,0.292,18057,24,0.27,595,11008,1,1,1,2.07,5,2,0.313,17,0.475,91.6,60,55.5,69.0,1
TB000838,Blue,2024-03-07,900,SJU,59,0,0,0,0,237.55,202.06,Blue,0.395,5,1.0,0.244,0.183,9676,2064,22.93,424,0,1,0,0,4.48,4,1,0.128,4,0.0,93.4,0,2.0,31.8,1
TB000839,Blue,2023-05-14,1198,BOS,220,2,2,2,8,340.72,3103.86,Blue,0.0,6,0.75,0.325,0.226,8084,2475,27.5,55,16773,0,1,0,4.18,5,1,0.212,0,0.417,75.6,24,31.0,43.5,1
TB000840,Blue,2015-05-17,4117,BOS,125,1,2,3,3,272.53,797.5,Blue Basic,0.321,2,0.667,0.425,0.046,6730,1176,13.07,329,6234,0,0,0,4.67,7,1,0.099,0,0.064,86.1,36,8.0,43.4,0
TB000841,Blue,2017-11-24,3195,LAX,119,0,0,1,9,323.5,2945.7,Blue,0.371,4,0.444,0.281,0.089,10598,2969,32.99,25,8885,0,0,0,4.54,6,2,0.351,4,0.369,86.8,12,29.5,42.8,0
TB000842,Blue Plus,2023-03-27,1246,LAX,3,1,4,8,8,333.86,2952.49,Blue,0.314,12,1.0,0.49,0.221,20565,5401,60.01,32,0,0,0,0,4.35,7,3,0.497,18,0.656,99.7,96,29.5,75.1,0
TB000843,Blue,2017-11-12,3207,LAX,78,1,2,5,22,220.21,5384.56,Blue,0.319,3,0.136,0.306,0.217,25779,1325,14.72,127,11731,0,0,0,4.24,9,0,0.0,0,0.369,91.3,60,53.8,68.4,0
TB000844,Blue Plus,2017-01-05,3518,JFK,149,3,4,8,25,382.12,9912.6,Blue,0.427,5,0.2,0.281,0.237,13923,3280,36.44,215,15021,0,0,0,4.81,7,2,0.253,19,0.378,83.4,96,99.1,92.8,0
TB000845,Blue Plus,2026-01-28,208,JFK,48,0,0,0,2,292.3,516.25,Blue,0.319,2,1.0,0.433,0.28,8144,3086,34.29,215,13537,0,0,0,4.3,2,1,0.679,8,0.507,94.7,0,5.2,33.3,0
TB000846,Blue,2023-06-30,1151,FLL,89,2,2,2,5,307.25,1549.94,Blue Basic,0.103,4,0.8,0.362,0.098,0,0,0.0,413,10719,0,1,0,4.46,7,0,0.0,5,0.018,90.1,24,15.5,43.2,1
TB000847,Blue,2021-08-21,1829,JFK,343,0,1,1,6,250.65,1340.72,Blue Extra,0.464,6,1.0,0.499,0.069,1721,914,10.16,94,330,0,1,0,2.72,5,1,0.195,0,0.038,61.9,12,13.4,29.1,1
TB000848,Mosaic,2015-02-20,4203,LAX,15,5,5,9,27,329.22,8572.11,Blue Extra,0.127,6,0.222,0.54,0.046,17926,3306,36.73,126,16219,0,0,0,4.47,5,3,0.675,16,0.416,98.3,100,85.7,94.7,0
TB000849,Blue Plus,2021-09-27,1792,JFK,777,2,3,3,9,221.2,1757.71,Blue,0.494,2,0.222,0.313,0.144,18139,396,4.4,259,4310,0,0,0,4.37,8,2,0.259,7,0.234,13.7,36,17.6,22.4,1
TB000850,Blue,2015-02-24,4199,MCO,387,2,3,6,18,299.64,4936.0,Blue,0.223,6,0.333,0.515,0.18,14051,2130,23.67,781,0,1,2,0,3.04,5,2,0.474,4,0.334,57.0,72,49.4,59.5,1
TB000851,Blue,2024-04-05,871,JFK,283,1,1,1,1,177.66,156.7,Blue,0.0,7,1.0,0.468,0.218,0,1467,16.3,186,0,0,0,0,4.58,7,0,0.0,10,0.325,68.6,12,1.6,27.4,1
TB000852,Mosaic,2021-11-30,1728,FLL,124,2,4,6,8,409.15,3317.81,Blue Basic,0.674,4,0.5,0.326,0.228,12525,1762,19.58,387,6308,0,0,0,5.0,6,1,0.245,11,0.247,86.2,72,33.2,63.8,1
TB000853,Blue,2021-11-24,1734,MCO,4,3,6,10,22,523.79,11392.1,Blue,0.05,9,0.409,0.349,0.18,12227,5280,58.67,1,6796,0,1,0,4.1,6,4,0.626,34,0.505,99.6,100,100,99.9,0
TB000854,Blue,2015-12-25,3895,BOS,1,3,3,6,16,330.69,4762.33,Blue,0.062,7,0.438,0.497,0.243,15103,4183,46.48,114,2940,0,0,0,4.49,6,3,0.479,16,0.579,99.9,72,47.6,73.2,0
TB000855,Mosaic,2023-05-23,1189,BOS,19,1,2,2,16,246.76,3769.07,Blue,0.37,4,0.25,0.403,0.147,5275,311,3.46,157,6365,0,0,0,4.0,4,2,0.603,19,0.359,97.9,24,37.7,53.2,0
TB000856,Blue,2016-05-09,3759,LAX,162,1,1,1,11,336.97,3446.48,Blue Basic,0.257,3,0.273,0.681,0.071,4447,3337,37.08,51,2001,0,1,0,3.64,6,3,0.431,12,0.552,82.0,12,34.5,42.8,0
TB000857,Blue,2018-06-13,2994,BOS,51,0,1,2,2,282.97,500.45,Blue Extra,0.165,7,1.0,0.466,0.172,12391,820,9.11,2,2181,0,1,0,2.94,5,1,0.254,17,0.212,94.3,24,5.0,41.1,0
TB000858,Blue,2022-01-02,1695,JFK,99,2,3,7,15,329.86,4626.81,Blue,0.011,3,0.2,0.362,0.32,6626,2005,22.28,195,12509,0,0,0,4.51,7,3,0.415,9,0.549,89.0,84,46.3,73.1,0
TB000859,Blue Plus,2017-06-03,3369,JFK,118,1,1,4,12,420.92,5659.65,Mint,0.193,5,0.417,0.381,0.155,18464,304,3.38,33,0,0,0,0,5.0,7,2,0.288,11,0.367,86.9,48,56.6,63.8,0
TB000860,Blue,2020-04-15,2322,MCO,302,2,2,5,11,186.56,2172.87,Blue Basic,0.293,9,0.818,0.211,0.236,14780,1178,13.09,2,8743,0,0,0,4.63,6,3,0.466,2,0.521,66.4,60,21.7,49.4,1
TB000861,Blue Plus,2026-06-26,59,FLL,176,1,3,4,4,225.63,858.09,Mint,0.413,7,1.0,0.323,0.132,14805,2074,23.04,42,9936,0,1,0,3.83,8,5,0.651,30,0.712,80.4,48,8.6,45.7,0
TB000862,Blue Plus,2023-06-28,1153,SJU,11,0,3,3,3,250.69,840.99,Mint,0.305,1,0.333,0.422,0.12,23890,1729,19.21,20,15340,0,0,0,5.0,5,2,0.316,9,0.207,98.8,36,8.4,47.7,0
TB000863,Blue Plus,2016-07-09,3698,SJU,25,0,0,0,10,256.62,2506.3,Blue Basic,0.519,4,0.4,0.229,0.042,20190,3408,37.87,128,4972,0,0,0,4.1,6,3,0.534,2,0.0,97.2,0,25.1,40.8,0
TB000864,Blue,2021-04-08,1964,FLL,260,1,1,2,2,137.87,299.09,Blue Basic,0.391,3,1.0,0.401,0.228,0,1927,21.41,232,0,0,0,0,4.12,6,4,0.737,0,0.156,71.1,24,3.0,32.7,1
TB000865,Blue,2026-07-20,35,BOS,69,1,1,3,6,271.61,1618.23,Blue,0.0,5,0.833,0.33,0.162,14424,0,0.0,156,2679,0,1,1,4.03,7,2,0.232,2,0.0,92.3,36,16.2,48.2,1
TB000866,Blue,2019-03-04,2730,BOS,214,0,1,1,13,196.97,2842.84,Blue,0.471,4,0.308,0.213,0.027,5044,2256,25.07,19,0,0,0,0,5.0,6,1,0.113,15,0.054,76.2,12,28.4,38.9,0
TB000867,Blue,2015-07-19,4054,BOS,10,2,2,3,13,295.84,3411.51,Blue Extra,0.417,6,0.462,0.276,0.087,4870,112,1.24,51,4675,0,1,0,2.96,5,1,0.292,12,0.339,98.9,36,34.1,56.3,0
TB000868,Blue,2026-03-19,158,FLL,3,2,4,4,6,219.24,1221.39,Blue Basic,0.149,5,0.833,0.337,0.294,2170,894,9.93,1000,1448,1,1,0,1.72,6,2,0.336,9,0.113,99.7,48,12.2,53.3,1
TB000869,Blue,2018-04-28,3040,LAX,150,1,3,8,16,349.85,5107.72,Blue,0.219,9,0.562,0.329,0.176,12192,4078,45.31,69,0,0,0,0,4.01,9,6,0.619,29,0.51,83.3,96,51.1,76.8,0
TB000870,Blue Plus,2021-06-08,1903,MCO,229,0,2,2,11,166.8,1678.38,Mint,0.385,1,0.091,0.485,0.281,11771,0,0.0,216,11315,0,1,0,3.27,9,0,0.007,0,0.16,74.6,24,16.8,38.5,1
TB000871,Blue,2020-12-01,2092,SJU,264,3,6,7,12,254.75,2620.26,Blue Extra,0.199,7,0.583,0.381,0.149,12029,2427,26.97,170,4612,0,1,0,2.99,10,3,0.252,0,0.054,70.7,84,26.2,60.3,1
TB000872,Blue,2015-07-29,4044,FLL,30,1,3,9,26,459.27,12605.99,Blue Basic,0.256,7,0.269,0.158,0.366,19579,3600,40.0,6,11234,0,0,0,4.59,5,3,0.674,28,0.522,96.7,100,100,98.9,0
TB000873,Blue,2023-06-11,1170,BOS,103,1,2,2,11,274.01,3123.02,Blue Extra,0.196,7,0.636,0.418,0.188,15619,3207,35.63,491,12815,0,1,0,4.39,7,2,0.304,1,0.556,88.6,24,31.2,47.9,0
TB000874,Blue,2014-10-27,4319,BOS,40,1,1,1,8,419.3,3112.42,Blue Extra,0.55,4,0.5,0.258,0.114,18330,2567,28.52,658,2061,0,2,0,3.18,6,2,0.27,4,0.401,95.6,12,31.1,46.2,1
TB000875,Blue,2022-01-31,1666,FLL,15,2,4,4,4,203.38,782.9,Blue,0.214,1,0.25,0.356,0.088,20360,3429,38.1,6,6493,0,1,0,3.14,4,2,0.609,12,0.536,98.3,48,7.8,51.4,0
TB000876,Blue Plus,2016-11-20,3564,FLL,31,4,4,4,24,373.12,10139.68,Blue,0.38,6,0.25,0.404,0.13,9894,209,2.32,92,6892,0,0,0,4.81,8,3,0.378,19,0.476,96.6,48,100,81.5,0
TB000877,Blue,2025-09-13,345,FLL,493,2,2,2,7,303.08,2322.63,Blue,0.082,7,1.0,0.151,0.104,11363,2760,30.67,34,1874,0,1,0,3.78,8,3,0.419,13,0.097,45.2,24,23.2,30.8,1
TB000878,Blue,2022-03-19,1619,FLL,101,1,2,3,13,314.96,4604.67,Blue Basic,0.444,7,0.538,0.269,0.059,6864,2997,33.3,12,12849,0,0,0,3.66,3,2,0.725,11,0.283,88.8,36,46.0,56.9,0
TB000879,Blue Plus,2025-02-14,556,FLL,14,1,4,7,8,332.16,2301.4,Blue,0.259,9,1.0,0.474,0.208,5669,4725,52.5,172,1085,0,0,0,4.08,6,3,0.505,8,0.279,98.4,84,23.0,68.5,0
TB000880,Blue,2016-08-25,3651,JFK,178,0,0,0,5,297.92,1379.8,Blue,0.735,4,0.8,0.468,0.235,9757,0,0.0,219,3393,0,1,0,4.24,4,1,0.333,4,0.213,80.2,0,13.8,31.3,1
TB000881,Blue,2025-07-04,416,FLL,46,3,3,3,5,367.44,1941.8,Blue,0.246,6,1.0,0.358,0.234,10938,2027,22.52,431,11281,1,0,0,5.0,7,2,0.292,17,0.361,94.9,36,19.4,50.1,0
TB000882,Blue,2022-12-25,1338,JFK,103,2,2,3,7,330.99,2351.8,Blue Basic,0.221,1,0.143,0.16,0.132,10494,1354,15.04,336,8015,0,2,0,5.0,8,2,0.222,13,0.372,88.6,36,23.5,49.4,1
TB000883,Blue,2019-09-12,2538,BOS,41,0,2,3,15,311.4,4110.09,Blue Basic,0.271,4,0.267,0.263,0.176,2813,3370,37.44,432,0,1,0,0,4.69,8,1,0.154,7,0.467,95.4,36,41.1,57.5,1
TB000884,Blue,2020-08-16,2199,BOS,40,0,0,3,13,361.86,4476.17,Blue Extra,0.125,4,0.308,0.464,0.191,12134,0,0.0,214,4186,0,0,0,4.5,2,1,0.379,19,0.581,95.6,36,44.8,58.8,0
TB000885,Blue,2018-01-02,3156,JFK,20,1,4,6,20,379.94,7700.18,Blue Extra,0.11,6,0.3,0.383,0.188,10565,0,0.0,163,8054,0,1,1,3.68,7,2,0.302,22,0.513,97.8,72,77.0,82.3,0
TB000886,Blue Plus,2024-02-02,934,JFK,76,3,4,5,7,326.63,2146.15,Blue Basic,0.0,3,0.429,0.422,0.325,17376,3497,38.86,20,7899,0,1,0,2.79,3,2,0.665,15,0.297,91.6,60,21.5,57.7,0
TB000887,Blue Plus,2025-12-06,261,FLL,154,2,4,5,5,225.11,983.31,Blue,0.503,5,1.0,0.385,0.027,16073,1929,21.43,188,5370,0,0,0,4.36,7,5,0.773,19,0.626,82.9,60,9.8,50.9,0
TB000888,Blue,2024-06-14,801,JFK,11,3,5,9,11,352.05,3914.92,Blue,0.0,3,0.273,0.215,0.023,6873,3036,33.73,85,7966,0,0,0,4.2,5,0,0.097,7,0.341,98.8,100,39.1,79.3,0
TB000889,Blue,2019-06-26,2616,BOS,8,4,6,9,26,275.24,8203.58,Blue,0.213,4,0.154,0.603,0.145,18643,2892,32.13,24,13490,0,0,0,4.73,4,2,0.547,13,0.263,99.1,100,82.0,93.7,0
TB000890,Blue Plus,2016-03-23,3806,BOS,23,2,5,5,23,347.16,8216.28,Blue,0.283,11,0.478,0.545,0.231,20139,5955,66.17,93,3171,0,0,0,4.96,6,5,0.825,13,0.615,97.4,60,82.2,79.9,0
TB000891,Blue,2015-05-12,4122,MCO,8,4,7,7,32,428.08,15686.23,Blue Basic,0.437,6,0.188,0.497,0.201,14330,3300,36.67,1,14985,0,0,0,4.39,5,2,0.482,20,0.522,99.1,84,100,94.4,0
TB000892,Blue,2019-02-05,2757,MCO,122,0,3,3,3,129.54,394.23,Blue Extra,0.469,7,1.0,0.295,0.122,17627,0,0.0,670,12444,1,2,0,3.14,4,1,0.247,4,0.198,86.4,36,3.9,42.1,0
TB000893,Blue,2020-11-12,2111,MCO,184,0,2,3,11,319.12,3181.62,Blue Extra,0.366,8,0.727,0.266,0.123,15391,5588,62.09,142,4631,0,0,0,4.83,7,4,0.523,5,0.746,79.6,36,31.8,49.1,0
TB000894,Blue,2017-08-05,3306,LAX,412,0,0,0,0,250.21,239.88,Blue Extra,0.25,2,1.0,0.376,0.14,14389,317,3.52,748,0,0,0,0,4.78,4,2,0.517,0,0.0,54.2,0,2.4,18.9,1
TB000895,Mosaic,2021-12-09,1719,FLL,12,4,5,7,14,343.85,5040.44,Blue Extra,0.451,6,0.429,0.29,0.259,11187,1116,12.4,232,17392,0,1,0,4.28,4,2,0.6,9,0.613,98.7,84,50.4,77.7,0
TB000896,Blue Plus,2019-07-21,2591,JFK,287,2,5,8,16,354.89,6122.47,Blue,0.307,4,0.25,0.403,0.204,17131,0,0.0,1,2417,0,0,0,4.0,9,6,0.631,19,0.18,68.1,96,61.2,75.1,0
TB000897,Blue,2017-03-22,3442,LAX,236,1,2,5,11,375.12,4274.92,Blue Basic,0.278,6,0.545,0.381,0.112,22376,0,0.0,227,1879,0,0,0,4.68,4,3,0.732,19,0.377,73.8,60,42.7,58.8,0
TB000898,Blue Plus,2017-12-19,3170,JFK,207,2,2,3,10,276.91,2752.72,Blue Extra,0.063,6,0.6,0.182,0.069,8535,1518,16.87,156,10591,0,1,0,2.93,4,1,0.348,0,0.57,77.0,36,27.5,46.8,1
TB000899,Blue Plus,2019-09-17,2533,MCO,95,3,4,8,17,315.26,4857.49,Blue,0.252,9,0.529,0.438,0.132,14817,3285,36.5,214,4521,0,0,0,4.01,3,1,0.197,17,0.467,89.4,96,48.6,78.0,0
TB000900,Blue Plus,2022-08-09,1476,SJU,29,2,2,3,5,320.31,1761.48,Blue,0.058,8,1.0,0.159,0.046,20031,0,0.0,549,4741,0,2,0,2.74,6,1,0.195,11,0.364,96.8,36,17.6,50.1,1
TB000901,Mosaic,2016-04-17,3781,LAX,4,4,8,11,28,374.61,10647.92,Mint,0.228,9,0.321,0.339,0.04,14233,4343,48.26,98,4766,0,0,0,4.26,5,5,0.909,21,0.316,99.6,100,100,99.9,0
TB000902,Blue,2016-11-05,3579,BOS,55,1,1,2,19,297.64,6161.45,Blue Basic,0.508,3,0.158,0.446,0.198,13871,233,2.59,320,10965,0,1,0,1.71,5,1,0.199,1,0.241,93.9,24,61.6,59.8,0
TB000903,Blue,2022-07-06,1510,JFK,427,3,3,8,20,316.74,6007.29,Blue Extra,0.372,5,0.25,0.222,0.039,5985,3584,39.82,260,8617,0,1,1,4.22,3,1,0.384,18,0.358,52.6,96,60.1,69.6,1
TB000904,Blue,2022-10-20,1404,BOS,6,1,6,7,7,528.01,3898.42,Blue Basic,0.108,10,1.0,0.284,0.172,9625,5177,57.52,46,13035,0,0,0,4.52,4,2,0.39,9,0.561,99.3,84,39.0,74.1,0
TB000905,Blue,2025-05-27,454,SJU,128,0,1,5,13,335.85,4824.69,Blue Basic,0.14,4,0.308,0.538,0.223,10875,1583,17.59,84,16101,0,0,0,4.98,9,2,0.225,0,0.059,85.8,60,48.2,64.7,0
TB000906,Mosaic,2021-09-18,1801,JFK,7,2,4,7,12,403.3,4420.42,Blue,0.045,7,0.583,0.347,0.023,13862,3962,44.02,211,9730,0,1,0,2.9,7,4,0.598,0,0.282,99.2,84,44.2,75.8,0
TB000907,Blue Plus,2016-07-20,3687,BOS,106,3,4,4,11,304.72,3095.5,Blue,0.051,4,0.364,0.387,0.092,1024,1785,19.83,109,5189,0,1,0,3.25,8,1,0.16,19,0.414,88.2,48,31.0,55.7,0
TB000908,Blue,2020-11-15,2108,BOS,150,1,3,3,7,397.37,2599.17,Blue Basic,0.435,11,1.0,0.251,0.186,15378,4718,52.42,14,15418,0,0,0,4.23,6,3,0.56,15,0.328,83.3,36,26.0,48.4,0
TB000909,Blue,2025-07-09,411,SJU,7,0,0,2,2,227.15,487.67,Blue Extra,0.193,6,1.0,0.279,0.081,9894,5007,55.63,693,6510,1,0,0,5.0,5,2,0.478,1,0.629,99.2,24,4.9,42.7,0
TB000910,Blue Plus,2025-12-01,266,JFK,5,1,4,7,7,536.54,3942.45,Blue Extra,0.402,8,1.0,0.541,0.0,19127,3335,37.06,196,226,0,0,0,3.63,7,3,0.445,18,0.496,99.4,84,39.4,74.3,0
TB000911,Blue,2024-06-24,791,FLL,148,0,0,0,0,111.88,108.91,Blue,0.51,1,1.0,0.344,0.136,3653,1015,11.28,196,9406,0,1,1,2.72,5,0,0.014,0,0.115,83.6,0,1.1,28.2,1
TB000912,Blue Plus,2022-05-24,1553,BOS,558,0,0,3,3,126.87,371.74,Blue Extra,0.38,2,0.667,0.361,0.184,4380,610,6.78,257,0,0,2,0,3.14,4,0,0.037,0,0.189,38.0,36,3.7,25.9,1
TB000913,Blue,2023-09-09,1080,SJU,26,2,6,11,15,260.38,4393.51,Blue Basic,0.018,6,0.4,0.499,0.145,15455,377,4.19,237,0,0,1,0,3.55,6,3,0.577,18,0.356,97.1,100,43.9,80.3,0
TB000914,Blue Plus,2023-05-25,1187,SJU,52,2,4,4,4,390.48,1491.29,Mint,0.513,3,0.75,0.23,0.056,3391,1895,21.06,96,27,0,0,0,4.68,3,1,0.218,0,0.655,94.2,48,14.9,52.4,0
TB000915,Blue,2018-02-25,3102,MCO,403,2,3,3,3,277.42,751.82,Blue,0.364,3,1.0,0.274,0.276,2159,331,3.68,375,5927,0,1,1,1.93,5,1,0.285,2,0.375,55.2,36,7.5,32.9,1
TB000916,Blue,2019-07-29,2583,BOS,117,1,1,4,20,183.66,4055.57,Blue Extra,0.246,4,0.2,0.281,0.146,17895,1567,17.41,785,6078,1,1,1,4.16,4,2,0.412,15,0.506,87.0,48,40.6,58.5,1
TB000917,Blue Plus,2019-09-03,2547,SJU,113,2,3,3,30,378.67,12179.4,Blue,0.053,4,0.133,0.298,0.224,15961,647,7.19,279,761,0,3,0,3.79,2,1,0.451,21,0.588,87.4,36,100,74.5,1
TB000918,Blue,2020-07-30,2216,JFK,61,1,4,6,11,263.13,2824.4,Blue Basic,0.224,3,0.273,0.33,0.117,20930,2673,29.7,418,3887,1,0,0,4.39,5,1,0.29,1,0.504,93.2,72,28.2,64.5,1
TB000919,Blue,2023-02-27,1274,MCO,135,0,2,2,2,223.36,462.57,Blue Extra,0.324,4,1.0,0.255,0.081,13093,0,0.0,362,12725,0,1,1,3.62,3,2,0.51,3,0.024,85.0,24,4.6,37.9,1
TB000920,Blue,2016-05-04,3764,MCO,16,2,5,7,12,362.62,4428.27,Blue,0.233,4,0.333,0.084,0.084,18063,3581,39.79,51,12233,0,2,1,3.39,3,2,0.682,9,0.417,98.2,84,44.3,75.5,0
TB000921,Blue,2014-12-28,4257,LAX,11,1,1,1,8,205.59,1404.32,Blue Extra,0.502,1,0.125,0.143,0.194,3875,0,0.0,148,1955,0,1,0,1.73,1,0,0.0,0,0.0,98.8,12,14.0,41.6,1
TB000922,Blue Plus,2024-06-17,798,JFK,129,1,2,4,4,356.37,1429.18,Blue,0.205,5,1.0,0.264,0.0,7924,1065,11.83,7,0,0,1,0,5.0,9,5,0.523,15,0.565,85.7,48,14.3,49.3,0
TB000923,Blue,2022-03-23,1615,MCO,53,1,2,2,6,164.56,862.85,Blue,0.45,5,0.833,0.253,0.269,10311,0,0.0,163,9231,0,0,0,4.44,3,2,0.558,7,0.264,94.1,24,8.6,42.2,0
TB000924,Blue,2020-09-28,2156,JFK,12,1,1,3,8,264.46,2025.81,Blue Basic,0.299,1,0.125,0.396,0.085,9165,2994,33.27,167,10504,0,1,0,3.1,3,0,0.0,0,0.0,98.7,36,20.3,51.7,1
TB000925,Blue,2023-03-21,1252,BOS,286,0,2,2,9,388.2,3520.57,Blue Basic,0.278,4,0.444,0.282,0.142,9133,1796,19.96,595,0,0,1,0,3.73,3,0,0.057,13,0.647,68.2,24,35.2,42.5,1
TB000926,Blue Plus,2021-08-28,1822,SJU,60,1,1,4,7,300.86,2015.93,Blue Basic,0.404,4,0.571,0.274,0.035,7949,1071,11.9,173,1996,0,0,0,4.23,0,0,0.532,15,0.265,93.3,48,20.2,53.8,0
TB000927,Blue,2023-01-21,1311,SJU,27,1,1,1,1,210.28,194.96,Blue Basic,0.191,2,1.0,0.452,0.183,5998,224,2.49,34,0,0,2,0,3.31,5,2,0.304,0,0.309,97.0,12,1.9,37.0,1
TB000928,Blue,2025-03-13,529,LAX,24,0,4,6,6,389.41,2434.1,Blue Basic,0.233,7,1.0,0.362,0.008,16422,4890,54.33,145,2019,0,0,0,5.0,6,3,0.429,5,0.294,97.3,72,24.3,64.5,0
TB000929,Blue,2015-03-19,4176,JFK,151,2,4,7,33,347.94,10908.99,Blue Basic,0.236,4,0.121,0.189,0.228,19587,3456,38.4,39,8036,0,0,0,4.51,7,2,0.232,21,0.188,83.2,84,100,89.1,0
TB000930,Blue,2017-07-12,3330,FLL,26,0,0,0,2,337.68,734.79,Blue,0.468,5,1.0,0.295,0.006,7088,2927,32.52,242,1072,0,0,0,4.42,6,4,0.684,7,0.679,97.1,0,7.3,34.8,0
TB000931,Blue,2021-09-08,1811,SJU,329,0,0,1,1,190.84,171.3,Blue Basic,0.315,7,1.0,0.212,0.219,4213,2775,30.83,1,0,0,1,1,2.19,6,0,0.0,0,0.0,63.4,12,1.7,25.7,1
TB000932,Blue,2025-02-11,559,LAX,15,1,1,1,1,351.29,362.25,Blue Basic,0.321,4,1.0,0.295,0.116,9348,0,0.0,220,0,0,0,0,4.07,6,0,0.011,9,0.089,98.3,12,3.6,38.0,1
TB000933,Blue,2018-06-15,2992,JFK,64,2,3,3,10,223.69,2415.29,Blue,0.257,3,0.3,0.373,0.103,9752,1362,15.13,247,5695,0,0,0,4.88,6,2,0.36,5,0.342,92.9,36,24.2,51.0,0
TB000934,Blue,2016-02-29,3829,BOS,348,0,2,5,5,127.59,706.62,Blue Extra,0.262,1,0.2,0.424,0.043,1631,0,0.0,81,6309,0,1,0,2.43,6,0,0.0,9,0.03,61.3,60,7.1,42.8,1
TB000935,Blue Plus,2019-03-11,2723,SJU,17,1,2,3,19,303.66,6577.4,Blue,0.484,7,0.368,0.189,0.159,19155,1642,18.24,70,6394,0,0,0,4.98,9,1,0.063,13,0.45,98.1,36,65.8,66.6,0
TB000936,Blue Plus,2022-10-21,1403,BOS,123,4,6,7,13,329.76,3774.72,Blue,0.0,3,0.231,0.341,0.372,10830,859,9.54,261,10092,0,0,0,4.37,8,3,0.349,3,0.605,86.3,84,37.7,69.3,0
TB000937,Blue Plus,2020-03-17,2351,JFK,8,2,2,3,8,232.89,1627.16,Blue,0.201,1,0.125,0.356,0.064,15042,1557,17.3,245,0,0,0,0,4.08,6,0,0.0,0,0.157,99.1,36,16.3,50.5,0
TB000938,Blue,2023-01-24,1308,JFK,44,4,6,6,13,242.03,3074.86,Blue,0.216,14,1.0,0.261,0.155,25179,1292,14.36,87,9220,0,0,0,4.7,6,2,0.401,16,0.613,95.1,72,30.7,65.9,0
TB000939,Blue Plus,2018-10-26,2859,JFK,67,0,2,5,9,282.39,2396.56,Blue,0.15,9,1.0,0.202,0.217,17503,4594,51.04,145,4045,0,0,0,4.56,5,2,0.414,7,0.737,92.6,60,24.0,58.9,0
TB000940,Blue,2026-04-26,120,SJU,269,0,0,2,2,154.74,315.12,Blue Basic,0.391,1,0.5,0.505,0.375,0,2555,28.39,206,0,0,1,0,4.43,7,2,0.319,0,0.017,70.1,24,3.2,32.4,1
TB000941,Blue Plus,2023-09-25,1064,FLL,339,0,1,3,3,213.98,576.28,Blue,0.473,2,0.667,0.471,0.028,13312,118,1.31,408,0,0,3,0,4.17,4,1,0.342,18,0.195,62.3,36,5.8,34.7,1
TB000942,Mosaic,2014-11-19,4296,FLL,15,4,8,8,29,434.77,14202.15,Blue Basic,0.424,7,0.241,0.492,0.186,14532,2001,22.23,35,14397,0,1,0,2.99,5,1,0.184,16,0.83,98.3,96,100,98.1,0
TB000943,Blue Plus,2023-07-19,1132,JFK,10,5,6,8,8,535.74,4799.46,Blue Basic,0.031,8,1.0,0.357,0.15,7987,3640,40.44,121,4700,0,0,0,4.49,5,2,0.312,24,0.208,98.9,96,48.0,81.0,0
TB000944,Blue Plus,2016-02-19,3839,JFK,99,2,2,3,9,237.73,2085.68,Mint,0.253,4,0.444,0.187,0.106,14093,2143,23.81,245,16282,0,1,0,2.79,7,1,0.118,14,0.119,89.0,36,20.9,48.6,0
TB000945,Blue Plus,2024-09-11,712,BOS,423,2,3,3,13,296.94,3570.9,Blue Extra,0.469,5,0.385,0.297,0.104,18557,3661,40.68,1000,3398,0,0,0,4.61,6,3,0.449,1,0.431,53.0,36,35.7,41.6,1
TB000946,Blue,2017-10-15,3235,FLL,53,1,3,5,14,374.13,5454.06,Blue,0.47,8,0.571,0.342,0.154,14597,3198,35.53,297,6490,0,0,0,4.12,5,2,0.304,11,0.56,94.1,60,54.5,69.5,0
TB000947,Blue Plus,2018-04-23,3045,BOS,432,0,1,5,8,230.08,1764.49,Blue Basic,0.409,1,0.125,0.249,0.316,4687,1596,17.73,388,2187,0,1,1,3.26,6,1,0.179,1,0.281,52.0,60,17.6,43.2,1
TB000948,Blue Plus,2019-02-26,2736,BOS,218,2,2,3,10,209.14,2253.5,Blue,0.594,6,0.6,0.466,0.053,9495,2115,23.5,232,13438,0,0,0,4.43,6,2,0.403,0,0.246,75.8,36,22.5,44.8,1
TB000949,Blue,2021-05-13,1929,JFK,132,0,1,4,7,295.56,2104.52,Blue Extra,0.126,6,0.857,0.36,0.141,11645,3278,36.42,569,1599,0,0,0,4.37,3,1,0.273,6,0.589,85.3,48,21.0,51.4,1
TB000950,Blue,2025-07-25,395,SJU,128,2,2,5,5,252.43,1358.68,Blue,0.745,4,0.8,0.352,0.151,248,1151,12.79,393,0,0,0,0,5.0,5,2,0.364,15,0.48,85.8,60,13.6,53.1,1
TB000951,Mosaic,2018-12-02,2822,BOS,2,2,2,2,19,338.56,6586.49,Blue Extra,0.268,5,0.263,0.381,0.166,24781,2525,28.06,38,14778,0,0,0,4.33,4,2,0.468,21,0.384,99.8,24,65.9,63.2,0
TB000952,Blue Plus,2021-11-07,1751,JFK,414,2,2,2,2,269.16,499.21,Blue,0.125,5,1.0,0.478,0.156,11175,0,0.0,39,12792,0,0,0,4.6,5,0,0.0,9,0.406,54.0,24,5.0,27.7,1
TB000953,Blue,2016-08-19,3657,FLL,21,1,3,6,21,322.63,7574.19,Blue,0.084,9,0.429,0.508,0.05,20122,3024,33.6,82,17339,0,0,0,4.53,7,5,0.749,26,0.67,97.7,72,75.7,81.8,0
TB000954,Mosaic,2022-10-19,1405,JFK,19,2,4,5,11,307.68,3475.24,Blue Basic,0.229,7,0.636,0.449,0.0,22963,0,0.0,58,13802,0,0,0,4.63,10,3,0.311,19,0.564,97.9,60,34.8,64.2,0
TB000955,Blue,2017-10-11,3239,SJU,63,2,4,6,6,300.14,1548.55,Blue,0.383,4,0.667,0.318,0.239,15590,1344,14.93,29,0,0,0,0,4.71,2,1,0.286,17,0.635,93.0,72,15.5,60.2,0
TB000956,Blue,2026-06-03,82,BOS,129,3,7,7,7,315.0,2191.55,Blue Extra,0.494,2,0.286,0.323,0.145,9528,1842,20.47,295,5055,0,2,0,3.23,5,2,0.373,0,0.158,85.7,84,21.9,63.9,1
TB000957,Blue,2017-04-06,3427,BOS,29,1,2,2,15,412.82,6162.64,Blue Extra,0.1,7,0.467,0.349,0.197,16914,4823,53.59,15,9391,0,0,0,4.95,4,2,0.564,23,0.699,96.8,24,61.6,60.8,0
TB000958,Blue Plus,2015-03-16,4179,JFK,46,2,3,3,14,332.43,4066.62,Mint,0.302,6,0.429,0.568,0.233,10426,3457,38.41,50,2166,0,1,0,3.12,3,2,0.798,19,0.354,94.9,36,40.7,57.2,0
TB000959,Blue,2026-03-01,176,SJU,73,0,0,0,0,421.24,387.1,Blue Extra,0.435,6,1.0,0.311,0.247,16503,1714,19.04,2,14120,0,0,0,3.64,6,2,0.304,6,0.166,91.9,0,3.9,31.9,0
TB000960,Blue,2024-08-04,750,BOS,420,1,3,5,5,338.09,1773.45,Blue,0.185,3,0.6,0.464,0.153,13144,538,5.98,103,24608,0,0,0,4.45,5,2,0.473,16,0.486,53.3,60,17.7,43.7,1
TB000961,Blue,2018-08-26,2920,BOS,18,2,2,2,16,260.17,4601.05,Blue Extra,0.096,4,0.25,0.178,0.322,10218,1300,14.44,62,12605,0,1,0,3.11,4,2,0.381,18,0.684,98.0,24,46.0,56.0,0
TB000962,Blue Plus,2016-04-04,3794,BOS,900,3,7,7,14,391.91,6024.54,Blue,0.32,5,0.357,0.2,0.139,10021,832,9.24,248,20903,0,0,0,5.0,4,1,0.334,27,0.076,0,84,60.2,48.1,1
TB000963,Blue,2020-10-12,2142,BOS,40,2,5,5,6,231.67,1388.1,Blue,0.378,3,0.5,0.286,0.22,9450,315,3.5,564,11151,0,0,0,4.11,4,1,0.28,3,0.49,95.6,60,13.9,56.5,0
TB000964,Blue,2023-10-03,1056,JFK,98,2,3,4,10,296.83,3058.6,Blue,0.215,5,0.5,0.522,0.268,3269,2909,32.32,851,7098,1,0,0,4.56,6,0,0.046,14,0.544,89.1,48,30.6,55.9,1
TB000965,Blue,2020-07-18,2228,LAX,3,1,4,7,15,375.57,5989.72,Blue Extra,0.259,8,0.533,0.429,0.117,22111,2683,29.81,72,13254,0,0,0,4.18,4,3,0.71,25,0.595,99.7,84,59.9,81.2,0
TB000966,Blue,2020-06-11,2265,BOS,37,1,1,1,7,158.66,1197.91,Blue,0.166,1,0.143,0.4,0.011,14075,1908,21.2,578,7788,1,1,0,3.18,3,1,0.246,0,0.48,95.9,12,12.0,40.0,1
TB000967,Blue Plus,2026-03-17,160,SJU,231,0,0,2,2,313.0,653.22,Blue,0.139,4,1.0,0.277,0.257,21328,2153,23.92,59,3683,0,2,0,3.83,8,3,0.379,9,0.477,74.3,24,6.5,34.9,1
TB000968,Blue Plus,2021-07-11,1870,SJU,45,0,0,0,3,405.07,1302.47,Blue,0.451,2,0.667,0.412,0.23,9573,466,5.18,51,11187,0,0,0,4.73,6,3,0.525,11,0.304,95.0,0,13.0,36.0,0
TB000969,Blue,2021-11-23,1735,BOS,11,4,7,10,18,465.69,7762.54,Blue,0.105,7,0.389,0.399,0.2,15963,4589,50.99,2,16329,0,0,0,4.62,6,5,0.909,22,0.506,98.8,100,77.6,92.1,0
TB000970,Blue,2015-05-20,4114,LAX,206,3,3,3,22,404.15,9285.09,Blue,0.179,8,0.364,0.495,0.196,23059,5307,58.97,163,13321,0,0,0,4.53,5,1,0.278,18,0.277,77.1,36,92.9,68.7,0
TB000971,Blue,2018-10-27,2858,BOS,132,1,2,2,24,309.17,8475.45,Blue,0.29,5,0.208,0.416,0.096,12055,2609,28.99,359,4927,0,0,0,5.0,5,3,0.554,19,0.464,85.3,24,84.8,64.7,1
TB000972,Blue,2017-05-11,3392,JFK,63,4,7,7,29,312.68,8353.49,Blue Basic,0.223,7,0.241,0.447,0.124,16637,3551,39.46,74,6694,0,0,0,4.13,8,3,0.342,12,0.617,93.0,84,83.5,86.8,0
TB000973,Blue Plus,2017-02-02,3490,MCO,1,3,5,7,37,436.6,17439.87,Blue,0.24,8,0.216,0.238,0.096,11952,3350,37.22,3,10607,0,0,0,4.76,1,0,0.49,13,0.608,99.9,84,100,94.6,0
TB000974,Blue,2015-03-02,4193,SJU,107,0,0,0,16,176.83,2443.72,Blue,0.509,4,0.25,0.552,0.144,4216,656,7.29,216,2013,0,1,0,2.98,4,2,0.432,5,0.0,88.1,0,24.4,37.5,0
TB000975,Blue,2020-01-20,2408,JFK,156,1,1,2,2,236.42,504.68,Blue Extra,0.421,2,1.0,0.115,0.03,0,494,5.49,340,49,0,1,0,3.97,5,1,0.192,12,0.299,82.7,24,5.0,37.2,1
TB000976,Blue Plus,2025-10-09,319,JFK,40,2,2,5,9,333.3,2991.98,Blue Basic,0.093,8,0.889,0.253,0.238,13146,4214,46.82,453,10613,0,1,0,3.75,4,2,0.56,16,0.67,95.6,60,29.9,61.8,0
TB000977,Blue,2018-10-20,2865,BOS,64,1,1,1,1,222.5,234.32,Blue Basic,0.133,3,1.0,0.29,0.124,1568,1326,14.73,286,1601,0,1,1,2.94,6,3,0.58,0,0.111,92.9,12,2.3,35.7,1
TB000978,Blue,2018-11-22,2832,MCO,156,4,4,4,4,199.9,881.86,Blue,0.089,4,1.0,0.214,0.138,7921,1779,19.77,72,7088,0,3,0,2.0,5,1,0.243,7,0.324,82.7,48,8.8,46.5,1
TB000979,Blue Plus,2019-09-04,2546,JFK,2,0,0,0,19,408.97,7925.2,Blue,0.225,6,0.316,0.446,0.241,9797,488,5.42,164,7270,0,0,0,4.27,7,2,0.216,17,0.413,99.8,0,79.3,59.7,0
TB000980,Mosaic,2021-07-13,1868,JFK,14,2,4,4,21,270.72,5146.94,Blue Basic,0.074,9,0.429,0.376,0.117,10052,3153,35.03,65,0,0,0,0,4.29,7,2,0.293,24,0.672,98.4,48,51.5,66.0,0
TB000981,Blue Plus,2023-09-18,1071,SJU,324,1,1,2,2,223.85,406.56,Blue Basic,0.395,5,1.0,0.454,0.022,12007,205,2.28,107,7531,0,1,0,3.06,4,0,0.0,3,0.254,64.0,24,4.1,30.7,1
TB000982,Blue,2021-04-20,1952,BOS,9,1,4,4,15,159.95,2062.08,Blue Basic,0.207,1,0.067,0.535,0.082,5574,515,5.72,249,6668,0,1,0,4.33,4,2,0.388,0,0.23,99.0,48,20.6,55.9,0
TB000983,Blue,2023-10-04,1055,JFK,80,0,0,0,9,227.75,1993.92,Blue,0.296,3,0.333,0.359,0.182,19897,3143,34.92,166,15094,0,2,0,3.05,4,2,0.474,7,0.526,91.1,0,19.9,37.0,1
TB000984,Blue Plus,2023-12-20,978,BOS,1,1,1,2,3,256.57,826.25,Blue Extra,0.412,1,0.333,0.493,0.219,1721,1141,12.68,21,5550,0,2,0,3.26,4,1,0.161,10,0.251,99.9,24,8.3,44.1,0
TB000985,Blue,2015-12-21,3899,BOS,159,0,0,1,12,112.17,1251.36,Blue,0.026,1,0.083,0.637,0.154,6931,1383,15.37,91,1994,0,0,0,4.44,7,0,0.0,0,0.412,82.3,12,12.5,35.6,1
TB000986,Mosaic,2022-10-20,1404,BOS,87,2,5,5,5,247.08,1393.08,Blue,0.534,6,1.0,0.496,0.167,5408,2124,23.6,142,9093,0,1,0,2.85,7,3,0.435,11,0.41,90.3,60,13.9,54.7,0
TB000987,Blue,2018-01-27,3131,JFK,234,0,0,0,4,306.1,1370.66,Blue Basic,0.271,5,1.0,0.467,0.108,3235,2611,29.01,110,16972,0,0,0,4.58,8,2,0.209,9,0.416,74.0,0,13.7,29.2,1
TB000988,Blue,2025-09-26,332,BOS,503,1,2,3,3,216.62,562.53,Blue Basic,0.216,3,1.0,0.339,0.216,20892,612,6.8,103,0,0,0,0,4.54,7,1,0.175,3,0.151,44.1,36,5.6,28.6,1
TB000989,Blue,2018-11-19,2835,JFK,156,1,4,7,17,284.89,4456.85,Blue Basic,0.636,4,0.235,0.281,0.264,7437,1075,11.94,247,9483,0,1,0,4.25,8,0,0.0,11,0.34,82.7,84,44.6,70.4,1
TB000990,Blue Plus,2019-10-05,2515,JFK,19,0,0,1,16,439.82,7655.22,Blue Extra,0.376,2,0.125,0.549,0.0,14570,4477,49.74,315,4964,0,0,0,4.33,6,1,0.224,0,0.541,97.9,12,76.6,62.2,0
TB000991,Blue Plus,2023-10-11,1048,FLL,53,1,2,4,13,374.81,5078.76,Blue,0.236,8,0.615,0.49,0.236,12963,3945,43.83,39,13396,0,0,0,4.81,9,5,0.526,9,0.307,94.1,48,50.8,64.3,0
TB000992,Blue,2016-07-09,3698,BOS,21,3,4,5,15,410.21,5656.18,Blue Extra,0.2,9,0.6,0.294,0.0,11039,4993,55.48,100,9982,0,0,0,4.79,3,1,0.467,29,0.801,97.7,60,56.6,71.4,0
TB000993,Mosaic,2024-10-06,687,LAX,6,0,2,4,9,319.29,2800.57,Blue Extra,0.029,8,0.889,0.545,0.123,15674,2685,29.83,213,10908,0,0,0,4.26,3,2,0.753,28,0.417,99.3,48,28.0,58.4,0
TB000994,Blue,2025-06-01,449,BOS,319,0,0,0,0,326.11,343.12,Blue Basic,0.468,6,1.0,0.099,0.157,27253,1562,17.36,55,18804,0,0,0,5.0,4,1,0.338,8,0.658,64.6,0,3.4,22.7,1
TB000995,Blue,2014-09-02,4374,MCO,6,0,0,0,0,133.1,124.61,Blue,0.536,3,1.0,0.383,0.109,0,1524,16.93,476,0,0,2,0,2.39,8,0,0.0,0,0.0,99.3,0,1.2,33.5,1
TB000996,Blue,2023-04-05,1237,JFK,9,3,3,4,10,361.89,3932.0,Blue,0.42,3,0.3,0.44,0.0,18724,4897,54.41,52,121,0,0,0,4.25,4,3,0.66,0,0.254,99.0,48,39.3,62.1,0
TB000997,Blue,2020-10-17,2137,BOS,52,3,6,6,12,233.21,2969.35,Blue,0.0,4,0.333,0.537,0.213,12276,2312,25.69,64,625,0,0,0,4.3,8,4,0.473,14,0.283,94.2,72,29.7,65.3,0
TB000998,Blue,2025-04-24,487,LAX,160,0,2,5,5,327.69,1477.09,Blue,0.327,6,1.0,0.635,0.094,10405,2325,25.83,35,6499,0,0,0,4.46,4,2,0.461,21,0.632,82.2,60,14.8,52.3,0
TB000999,Blue Plus,2019-05-26,2647,SJU,153,2,2,3,7,123.68,942.81,Blue Basic,0.481,1,0.143,0.354,0.12,21552,935,10.39,72,0,0,1,1,2.9,6,0,0.0,20,0.536,83.0,36,9.4,42.8,0
TB001000,Blue,2018-08-07,2939,JFK,477,1,2,3,11,222.44,2703.88,Blue Basic,0.335,3,0.273,0.156,0.303,22265,1658,18.42,389,0,0,1,0,2.85,5,0,0.0,9,0.245,47.0,36,27.0,36.7,1
TB001001,Blue Plus,2015-12-26,3894,BOS,36,0,2,5,13,129.88,1821.4,Blue Basic,0.215,6,0.462,0.379,0.172,10672,1940,21.56,76,1903,0,0,0,4.3,4,1,0.267,1,0.258,96.0,60,18.2,58.1,0
TB001002,Blue Plus,2017-09-10,3270,LAX,190,2,2,5,15,297.28,5070.55,Blue Extra,0.335,5,0.333,0.273,0.023,11956,1276,14.18,412,7480,1,1,1,3.22,6,2,0.299,15,0.309,78.9,60,50.7,63.2,1
TB001003,Blue,2022-04-18,1589,JFK,440,0,0,0,0,289.8,296.26,Mint,0.304,3,1.0,0.389,0.121,4302,2046,22.73,37,10047,0,0,0,3.92,3,0,0.0,9,0.354,51.1,0,3.0,18.0,1
TB001004,Mosaic,2018-03-07,3092,JFK,258,3,3,6,18,415.32,6423.09,Blue,0.174,9,0.5,0.507,0.226,20566,3543,39.37,19,19831,0,0,0,4.52,6,3,0.521,17,0.389,71.3,72,64.2,69.2,0
TB001005,Mosaic,2017-06-01,3371,FLL,126,0,0,0,12,321.32,4096.85,Blue,0.234,1,0.083,0.172,0.0,13112,462,5.13,576,5700,1,2,0,2.8,7,3,0.459,10,0.165,86.0,0,41.0,42.3,1
TB001006,Blue,2018-12-10,2814,FLL,142,0,2,3,14,334.69,4206.54,Blue,0.109,5,0.357,0.168,0.179,8566,1591,17.68,8,12148,0,1,0,4.02,6,2,0.309,31,0.407,84.2,36,42.1,54.1,0
TB001007,Blue,2026-05-29,87,SJU,22,0,0,1,8,206.89,1817.4,Blue Basic,0.036,2,0.25,0.453,0.131,9114,437,4.86,322,2399,0,0,0,4.17,9,1,0.077,5,0.112,97.6,12,18.2,42.6,0
TB001008,Blue,2024-08-01,753,SJU,69,2,2,2,9,334.69,2859.81,Blue,0.439,9,1.0,0.369,0.029,19219,3147,34.97,127,19678,0,0,0,5.0,5,2,0.454,12,0.435,92.3,24,28.6,48.3,0
TB001009,Blue,2022-10-19,1405,FLL,22,4,5,5,10,345.98,3474.35,Blue Basic,0.013,7,0.7,0.269,0.05,21042,1267,14.08,176,26660,0,0,0,4.1,6,3,0.517,17,0.458,97.6,60,34.7,64.1,0
TB001010,Blue,2015-10-26,3955,BOS,258,0,0,0,9,164.57,1674.44,Blue Extra,0.399,1,0.111,0.347,0.0,146,0,0.0,60,0,0,3,0,3.4,4,0,0.0,1,0.128,71.3,0,16.7,29.3,1
TB001011,Blue Plus,2016-01-30,3859,LAX,210,2,3,4,18,291.58,5386.03,Blue,0.564,4,0.222,0.371,0.082,8062,0,0.0,66,7517,0,0,0,4.57,5,0,0.0,19,0.402,76.7,48,53.9,59.5,1
TB001012,Blue,2018-11-12,2842,MCO,244,2,5,5,16,330.16,5974.6,Blue Extra,0.274,7,0.438,0.477,0.104,19856,1188,13.2,447,5739,0,0,0,4.71,0,0,0.048,22,0.091,72.9,60,59.7,64.2,1
TB001013,Blue,2015-06-03,4100,MCO,332,2,4,6,11,365.92,4618.0,Blue,0.0,4,0.364,0.472,0.18,4336,0,0.0,515,0,0,1,0,3.65,4,2,0.5,9,0.069,63.1,72,46.2,60.4,1
TB001014,Blue,2023-01-19,1313,JFK,155,2,3,5,13,287.86,3840.83,Blue,0.382,5,0.385,0.338,0.094,15171,0,0.0,452,5347,1,0,0,4.16,6,2,0.304,6,0.56,82.8,60,38.4,60.4,1
TB001015,Blue Plus,2025-05-12,469,SJU,14,5,6,8,8,415.65,3710.49,Blue,0.183,5,0.625,0.23,0.0,33891,4250,47.22,2,5045,0,0,0,4.87,6,2,0.368,35,0.596,98.4,96,37.1,77.2,0
TB001016,Blue,2017-10-12,3238,SJU,96,2,3,7,24,372.98,8891.39,Blue Extra,0.315,2,0.083,0.542,0.174,16708,2845,31.61,335,14185,0,0,0,4.55,9,5,0.593,14,0.375,89.3,84,88.9,87.4,0
TB001017,Blue,2026-06-20,65,LAX,34,1,4,5,17,399.83,6210.34,Blue,0.41,6,0.353,0.424,0.124,11364,1322,14.69,236,12709,0,1,1,3.54,4,2,0.586,16,0.469,96.2,60,62.1,72.8,0
TB001018,Blue,2023-05-18,1194,BOS,212,1,6,8,14,375.37,5167.09,Mint,0.163,4,0.286,0.355,0.128,7684,179,1.99,2,6893,0,0,0,4.39,4,3,0.728,19,0.522,76.4,96,51.7,74.7,0
TB001019,Mosaic,2016-10-10,3605,BOS,508,0,0,3,7,248.89,1605.12,Blue,0.323,7,1.0,0.346,0.103,18735,28,0.31,265,13327,0,2,0,2.84,6,2,0.273,6,0.434,43.6,36,16.1,31.9,1
TB001020,Blue,2015-02-08,4215,FLL,201,3,5,9,19,384.01,6911.28,Blue Extra,0.104,4,0.211,0.566,0.032,16330,2402,26.69,34,908,0,0,0,4.5,5,5,0.944,24,0.195,77.7,100,69.1,82.3,0
TB001021,Mosaic,2020-01-14,2414,JFK,39,4,5,6,20,303.92,5190.6,Blue,0.349,3,0.15,0.572,0.021,7087,3576,39.73,35,11577,0,0,0,4.32,7,1,0.174,11,0.293,95.7,72,51.9,73.2,0
TB001022,Blue,2026-04-01,145,BOS,339,1,1,3,3,228.03,592.32,Blue,0.461,4,1.0,0.416,0.137,3769,1855,20.61,24,0,0,1,0,3.72,4,1,0.334,7,0.064,62.3,36,5.9,34.7,1
TB001023,Mosaic,2018-11-26,2828,JFK,52,4,6,8,16,439.45,7121.37,Blue Basic,0.285,10,0.625,0.015,0.365,25185,2764,30.71,32,16950,0,0,0,3.66,5,4,0.785,8,0.624,94.2,96,71.2,87.1,0
TB001024,Blue,2021-03-22,1981,BOS,13,2,5,5,21,424.14,10181.8,Blue,0.21,7,0.333,0.537,0.152,8758,3637,40.41,92,8312,0,0,0,4.81,4,3,0.77,20,0.848,98.6,60,100,86.2,0
TB001025,Blue,2020-03-02,2366,JFK,57,2,2,3,7,358.44,2659.16,Blue,0.225,7,1.0,0.329,0.176,25756,3124,34.71,371,15009,0,0,0,4.69,3,1,0.426,12,0.509,93.7,36,26.6,52.1,0
TB001026,Blue Plus,2020-01-31,2397,SJU,238,1,1,1,6,282.43,1446.47,Blue,0.045,2,0.333,0.525,0.07,3141,2156,23.96,252,0,0,0,0,4.35,7,1,0.165,6,0.631,73.6,12,14.5,33.4,0
TB001027,Blue,2020-11-09,2114,SJU,21,1,1,1,8,271.1,2265.39,Blue Basic,0.363,6,0.75,0.365,0.096,9658,5632,62.58,278,9055,0,0,0,4.71,5,0,0.038,16,0.311,97.7,12,22.7,44.1,0
TB001028,Blue,2017-01-22,3501,SJU,113,0,1,1,11,337.22,3905.34,Blue,0.505,3,0.273,0.236,0.264,15706,626,6.96,165,12921,0,1,0,3.49,3,2,0.514,15,0.255,87.4,12,39.1,46.2,0
TB001029,Blue Plus,2018-12-30,2794,MCO,226,1,1,1,8,303.25,2511.3,Blue,0.305,6,0.75,0.217,0.347,11212,1020,11.33,535,18933,0,2,0,3.88,2,1,0.446,8,0.182,74.9,12,25.1,37.3,1
TB001030,Blue,2019-05-10,2663,LAX,21,0,0,2,9,277.41,2161.37,Blue,0.308,1,0.111,0.268,0.004,16669,728,8.09,781,9150,1,3,0,3.76,5,1,0.126,2,0.219,97.7,24,21.6,47.8,1
TB001031,Blue,2014-12-20,4265,LAX,95,0,1,3,15,286.7,4757.04,Blue Extra,0.0,8,0.533,0.238,0.176,15914,5202,57.8,146,17939,0,0,0,4.21,5,1,0.214,21,0.617,89.4,36,47.6,57.7,0
TB001032,Mosaic,2022-06-16,1530,BOS,285,1,1,3,8,254.94,2006.49,Mint,0.0,6,0.75,0.223,0.097,4791,2126,23.62,81,3668,0,1,0,3.36,6,2,0.277,13,0.0,68.3,36,20.1,41.5,0
TB001033,Blue,2021-10-14,1775,JFK,1,1,1,3,6,261.12,1643.56,Blue Basic,0.303,1,0.167,0.465,0.091,8846,482,5.36,128,6028,0,1,0,2.26,4,0,0.102,0,0.333,99.9,36,16.4,50.8,1
TB001034,Blue,2017-05-18,3385,JFK,276,0,0,0,16,153.75,2689.81,Blue Basic,0.123,5,0.312,0.56,0.0,9952,1329,14.77,374,0,0,2,0,4.43,7,2,0.307,4,0.384,69.3,0,26.9,32.1,1
TB001035,Blue,2015-07-13,4060,MCO,88,2,3,7,28,308.47,9574.06,Blue Extra,0.398,8,0.286,0.33,0.146,12083,2483,27.59,271,0,0,0,0,4.84,4,1,0.298,30,0.312,90.2,84,95.7,90.0,0
TB001036,Blue Plus,2017-07-25,3317,FLL,69,2,3,3,14,270.94,4196.58,Blue,0.314,5,0.357,0.476,0.1,5060,1290,14.33,10,15942,0,0,0,4.2,4,2,0.531,4,0.322,92.3,36,42.0,56.8,0
TB001037,Blue,2023-01-22,1310,BOS,92,2,4,7,16,436.85,7345.75,Blue Extra,0.303,10,0.625,0.514,0.221,21719,2727,30.3,5,23995,0,0,0,4.96,5,4,0.703,19,0.315,89.8,84,73.5,82.4,0
TB001038,Blue,2017-11-01,3218,BOS,44,5,7,8,28,440.39,11882.27,Blue Basic,0.209,7,0.25,0.268,0.168,16311,7249,80.54,163,15133,0,0,0,3.77,5,3,0.538,30,0.667,95.1,96,100,97.0,0
TB001039,Blue,2018-04-22,3046,SJU,123,1,2,5,16,160.21,2527.15,Blue,0.307,3,0.188,0.384,0.246,6987,0,0.0,18,8576,0,2,0,3.01,5,0,0.0,1,0.353,86.3,60,25.3,57.2,0
TB001040,Mosaic,2022-11-26,1367,BOS,96,2,4,7,11,419.58,4758.87,Blue Extra,0.057,1,0.091,0.617,0.007,13306,1854,20.6,11,2226,0,0,0,4.59,5,3,0.541,8,0.526,89.3,84,47.6,73.6,0
TB001041,Blue,2016-03-29,3800,JFK,227,2,4,4,29,316.76,8575.73,Blue,0.462,3,0.103,0.264,0.15,14092,2887,32.08,375,10414,0,0,0,4.16,5,0,0.0,7,0.347,74.8,48,85.8,69.5,1
TB001042,Blue,2022-12-09,1354,SJU,416,3,3,3,14,179.15,2449.22,Blue Basic,0.082,6,0.429,0.364,0.182,14354,1846,20.51,393,7110,0,2,0,3.65,10,0,0.0,11,0.232,53.8,36,24.5,38.1,1
TB001043,Blue Plus,2017-01-18,3505,MCO,329,1,1,1,19,327.01,7045.72,Blue,0.297,7,0.368,0.289,0.229,18596,3589,39.88,136,203,0,0,0,5.0,5,1,0.201,17,0.243,63.4,12,70.5,48.6,1
TB001044,Blue,2019-12-06,2453,BOS,174,2,2,2,2,355.37,673.26,Blue,0.238,2,1.0,0.255,0.174,1286,3676,40.84,514,10621,0,0,0,5.0,4,2,0.49,18,0.322,80.7,24,6.7,37.1,1
TB001045,Blue,2016-05-26,3742,LAX,55,1,1,3,27,414.76,9842.2,Blue Basic,0.151,6,0.222,0.407,0.083,15924,4317,47.97,11,11241,0,0,0,4.58,4,1,0.302,7,0.662,93.9,36,98.4,76.1,0
TB001046,Mosaic,2023-05-23,1189,JFK,152,2,2,7,17,474.85,8764.52,Blue Extra,0.135,12,0.706,0.344,0.101,18778,5165,57.39,32,2688,0,0,0,4.8,6,4,0.606,26,0.618,83.1,84,87.6,84.9,0
TB001047,Blue,2022-11-14,1379,FLL,187,2,3,4,11,226.56,2801.01,Blue Basic,0.365,1,0.091,0.294,0.223,20319,2896,32.18,26,7118,0,1,0,3.17,2,0,0.249,21,0.202,79.2,48,28.0,51.7,0
TB001048,Blue Plus,2016-11-12,3572,BOS,101,0,0,2,11,392.28,3817.95,Blue Basic,0.37,4,0.364,0.489,0.066,0,1540,17.11,9,2583,0,3,0,3.84,8,1,0.073,3,0.159,88.8,24,38.2,50.3,0
TB001049,Blue,2017-04-27,3406,MCO,37,2,3,3,6,247.6,1491.45,Blue Basic,0.306,6,1.0,0.602,0.263,11770,3243,36.03,477,4084,1,1,0,4.97,1,0,0.356,7,0.377,95.9,36,14.9,48.9,0
TB001050,Blue,2024-06-30,785,MCO,426,0,0,0,1,202.63,186.77,Blue Basic,0.463,5,1.0,0.32,0.292,1159,0,0.0,1000,13257,1,2,0,3.98,7,0,0.0,7,0.275,52.7,0,1.9,18.2,1
TB001051,Blue,2023-02-26,1275,JFK,189,4,5,8,16,240.37,4376.29,Blue,0.45,7,0.438,0.249,0.304,13819,0,0.0,644,17152,0,0,0,4.0,8,4,0.559,15,0.367,79.0,96,43.8,72.9,1
TB001052,Blue,2020-04-06,2331,BOS,431,1,1,3,6,335.42,2306.44,Blue Basic,0.29,2,0.333,0.491,0.226,7316,930,10.33,8,0,0,1,0,3.81,6,1,0.165,11,0.209,52.1,36,23.1,37.1,1
TB001053,Blue,2018-12-29,2795,JFK,19,1,4,4,14,367.97,5731.55,Blue Basic,0.019,7,0.5,0.425,0.072,24593,5372,59.69,30,1704,0,0,0,4.3,3,1,0.446,23,0.413,97.9,48,57.3,67.7,0
TB001054,Blue Plus,2024-01-01,966,BOS,30,1,6,7,9,395.62,3828.68,Blue,0.0,6,0.667,0.433,0.305,21127,2675,29.72,91,10487,0,0,0,4.36,4,2,0.376,23,0.326,96.7,84,38.3,73.0,0
TB001055,Blue Plus,2016-11-26,3558,BOS,42,0,0,3,16,321.98,4731.28,Blue,0.208,6,0.375,0.317,0.153,12616,3914,43.49,1,15206,0,1,0,3.81,4,2,0.406,15,0.343,95.3,36,47.3,59.5,0
TB001056,Blue,2025-01-11,590,JFK,8,3,3,9,18,267.58,4203.97,Blue,0.351,9,0.5,0.372,0.078,15234,1751,19.46,349,13094,0,0,0,3.65,9,2,0.254,25,0.826,99.1,100,42.0,80.4,0
TB001057,Blue,2021-05-16,1926,JFK,58,1,3,4,9,231.58,2200.51,Blue Basic,0.182,6,0.667,0.357,0.131,10711,1721,19.12,22,307,0,0,0,4.73,5,2,0.345,0,0.436,93.6,48,22.0,54.5,0
TB001058,Blue,2020-07-29,2217,JFK,210,0,0,0,4,160.46,620.77,Blue,0.075,3,0.75,0.449,0.125,7207,0,0.0,1000,839,0,0,0,4.37,5,0,0.063,0,0.343,76.7,0,6.2,27.6,1
TB001059,Blue Plus,2020-09-28,2156,JFK,139,1,3,9,15,324.29,4410.24,Blue Extra,0.049,7,0.467,0.323,0.104,9858,3339,37.1,82,26,0,0,0,5.0,8,3,0.39,14,0.495,84.6,100,44.1,76.2,0
TB001060,Blue,2019-03-07,2727,JFK,767,3,4,4,5,123.65,682.19,Blue Basic,0.189,6,1.0,0.588,0.285,9377,0,0.0,698,10765,1,0,0,4.44,8,1,0.167,2,0.283,14.8,48,6.8,23.2,1
TB001061,Blue Plus,2023-12-06,992,JFK,61,0,2,2,11,319.15,3496.34,Blue Basic,0.511,5,0.455,0.366,0.157,2536,1579,17.54,14,8552,0,0,0,4.26,4,3,0.798,12,0.515,93.2,24,35.0,50.7,0
TB001062,Blue,2019-10-19,2501,MCO,470,1,1,5,18,205.15,4025.5,Blue,0.232,5,0.278,0.262,0.079,5742,0,0.0,312,10970,0,0,0,4.04,4,1,0.236,6,0.498,47.8,60,40.3,49.4,1
TB001063,Blue,2016-04-30,3768,JFK,130,2,3,7,30,295.44,7705.89,Blue,0.395,6,0.2,0.284,0.063,14351,2540,28.22,130,19507,0,0,0,5.0,10,6,0.615,20,0.407,85.6,84,77.1,82.2,0
TB001064,Blue,2024-09-24,699,SJU,38,2,4,10,10,428.43,3863.32,Blue Extra,0.322,6,0.6,0.425,0.14,9406,3544,39.38,19,9633,0,1,0,4.13,6,2,0.348,22,0.661,95.8,100,38.6,78.1,0
TB001065,Blue Plus,2019-01-25,2768,JFK,118,2,3,3,27,382.59,11120.02,Blue,0.053,5,0.185,0.288,0.079,23173,2968,32.98,52,8607,0,0,0,5.0,5,2,0.355,9,0.599,86.9,36,100,74.3,0
TB001066,Blue,2014-09-08,4368,JFK,165,2,4,4,24,315.63,8329.53,Blue Extra,0.273,5,0.208,0.402,0.064,14677,393,4.37,127,6140,0,0,0,4.38,3,1,0.471,2,0.487,81.7,48,83.3,71.0,0
TB001067,Blue,2025-10-11,317,FLL,214,0,0,1,5,273.14,1339.15,Blue Extra,0.048,1,0.2,0.267,0.101,11588,0,0.0,446,263,1,2,1,2.16,6,0,0.0,15,0.0,76.2,12,13.4,33.9,1
TB001068,Blue,2020-06-23,2253,MCO,1,0,0,0,0,324.33,349.12,Blue Basic,0.23,3,1.0,0.408,0.165,6949,0,0.0,799,0,1,3,0,3.08,8,1,0.122,2,0.423,99.9,0,3.5,34.5,1
TB001069,Blue,2025-09-07,351,MCO,14,0,0,1,5,350.57,1881.49,Blue,0.437,7,1.0,0.181,0.163,10836,1669,18.54,277,0,0,2,0,3.3,2,0,0.208,7,0.447,98.4,12,18.8,43.1,1
TB001070,Blue Plus,2020-10-12,2142,FLL,26,3,3,7,17,326.49,4950.58,Blue Extra,0.285,6,0.353,0.428,0.273,17347,3404,37.82,141,8068,0,0,0,4.43,2,2,0.754,20,0.452,97.1,84,49.5,76.9,0
TB001071,Blue Plus,2025-10-20,308,SJU,31,3,5,11,13,369.01,4979.53,Blue Extra,0.057,6,0.462,0.186,0.231,19825,3245,36.06,92,0,0,0,0,4.47,7,4,0.632,20,0.398,96.6,100,49.8,82.1,0
TB001072,Blue,2024-01-06,961,FLL,250,1,1,1,1,195.57,187.92,Blue Extra,0.221,6,1.0,0.465,0.203,4878,0,0.0,195,360,0,0,0,4.77,6,2,0.402,17,0.337,72.2,12,1.9,28.7,1
TB001073,Blue,2016-12-13,3541,BOS,51,0,0,0,9,247.24,2427.29,Blue Basic,0.138,2,0.222,0.505,0.088,4547,984,10.93,72,3331,0,1,1,2.61,4,0,0.0,0,0.485,94.3,0,24.3,39.5,0
TB001074,Blue,2025-11-23,274,BOS,84,1,4,4,4,294.01,1270.39,Blue,0.0,7,1.0,0.304,0.168,10346,3875,43.06,226,3924,0,1,0,3.52,5,2,0.328,5,0.301,90.7,48,12.7,50.5,0
TB001075,Blue,2018-01-06,3152,SJU,59,2,3,3,11,268.54,3018.42,Mint,0.287,8,0.727,0.436,0.117,15439,3963,44.03,72,7052,0,0,0,3.96,7,2,0.311,14,0.547,93.4,36,30.2,53.2,0
TB001076,Mosaic,2023-03-18,1255,JFK,89,1,2,2,12,332.64,3843.24,Blue,0.369,6,0.5,0.276,0.076,13761,13,0.14,21,8879,0,0,0,4.18,5,3,0.601,37,0.352,90.1,24,38.4,50.8,0
TB001077,Blue,2023-10-15,1044,BOS,114,1,1,4,6,210.2,1150.67,Blue Extra,0.335,6,1.0,0.373,0.049,4486,1056,11.73,213,0,0,0,0,4.28,4,1,0.14,12,0.63,87.3,48,11.5,48.9,0
TB001078,Blue,2022-02-16,1650,MCO,110,0,2,2,2,107.2,218.21,Blue Basic,0.247,3,1.0,0.323,0.069,15063,0,0.0,126,0,0,2,0,2.78,8,0,0.0,0,0.092,87.8,24,2.2,38.0,0
TB001079,Blue,2023-08-19,1101,BOS,272,0,0,1,8,223.25,1755.19,Blue Extra,0.263,5,0.625,0.124,0.05,3090,511,5.68,200,2820,0,2,1,3.39,3,0,0.0,0,0.0,69.8,12,17.6,33.1,1
TB001080,Mosaic,2021-03-10,1993,MCO,20,3,6,7,12,451.04,5639.45,Blue Basic,0.245,11,0.917,0.257,0.226,15902,2974,33.04,3,15901,0,0,0,3.93,8,4,0.528,19,0.555,97.8,84,56.4,79.4,0
TB001081,Blue Plus,2019-08-09,2572,BOS,99,1,3,3,15,307.69,4282.43,Blue Basic,0.0,6,0.4,0.213,0.012,7586,2071,23.01,29,0,0,3,0,2.46,4,0,0.105,0,0.162,89.0,36,42.8,55.9,0
TB001082,Blue,2024-12-28,604,JFK,11,0,0,0,0,299.4,273.79,Blue,0.407,1,1.0,0.57,0.151,1827,578,6.42,1,4782,0,1,0,3.28,4,0,0.027,3,0.188,98.8,0,2.7,33.8,0
TB001083,Blue Plus,2019-12-19,2440,BOS,6,0,0,1,7,341.88,2690.63,Blue Extra,0.057,5,0.714,0.395,0.225,17741,1498,16.64,202,5954,0,1,0,3.89,3,2,0.631,7,0.448,99.3,12,26.9,46.1,0
TB001084,Blue,2015-07-09,4064,SJU,1,1,1,7,17,283.8,4336.74,Blue Extra,0.449,4,0.235,0.617,0.169,10251,82,0.91,17,11047,0,0,0,4.56,5,2,0.436,21,0.41,99.9,84,43.4,75.8,0
TB001085,Blue,2020-08-13,2202,BOS,634,1,3,8,26,379.52,9855.76,Blue,0.205,6,0.231,0.35,0.159,11615,2535,28.17,446,11137,1,0,0,4.71,5,3,0.519,13,0.534,29.6,96,98.6,74.7,1
TB001086,Blue,2018-04-03,3065,FLL,54,1,3,5,17,349.27,6192.7,Blue,0.41,5,0.294,0.474,0.055,18257,0,0.0,105,6282,0,0,0,4.83,6,1,0.193,9,0.512,94.0,60,61.9,72.0,0
TB001087,Blue,2025-03-25,517,JFK,23,1,1,5,5,227.74,1202.76,Blue Extra,0.563,4,0.8,0.488,0.065,5092,24,0.27,135,0,0,0,0,4.27,7,2,0.346,10,0.382,97.4,60,12.0,56.5,0
TB001088,Blue,2014-12-05,4280,BOS,90,4,9,10,31,324.85,10817.02,Blue Extra,0.384,3,0.097,0.3,0.062,18320,3279,36.43,124,12972,0,0,0,4.21,5,2,0.349,14,0.536,90.0,100,100,96.7,0
TB001089,Blue,2019-02-09,2753,SJU,2,0,3,3,11,373.17,4021.37,Blue,0.143,4,0.364,0.319,0.14,15760,4890,54.33,33,6725,0,1,0,3.75,7,7,1.0,4,0.347,99.8,36,40.2,58.7,0
TB001090,Blue Plus,2022-04-17,1590,LAX,58,0,0,2,12,329.34,3768.78,Blue Basic,0.048,7,0.583,0.204,0.153,9235,1152,12.8,1000,3144,0,0,0,4.44,5,4,0.794,5,0.163,93.6,24,37.7,51.8,0
TB001091,Blue,2017-11-10,3209,JFK,22,3,5,5,13,421.37,5163.01,Blue,0.168,12,0.923,0.313,0.153,13053,4086,45.4,118,10677,0,0,0,4.43,7,6,0.844,9,0.472,97.6,60,51.6,69.7,0
TB001092,Blue Plus,2023-04-04,1238,LAX,490,2,2,5,8,190.66,1296.8,Blue,0.414,2,0.25,0.151,0.053,9692,2178,24.2,639,16430,1,1,0,3.49,4,1,0.364,14,0.324,45.6,60,13.0,39.5,1
TB001093,Blue,2017-04-14,3419,LAX,92,2,4,9,26,407.55,11288.75,Blue Basic,0.0,4,0.154,0.568,0.066,17815,3836,42.62,122,17921,0,0,0,5.0,7,4,0.623,8,0.586,89.8,100,100,96.6,0
TB001094,Blue Plus,2022-02-24,1642,FLL,354,0,0,1,11,389.44,3699.27,Blue Basic,0.417,4,0.364,0.362,0.205,5951,402,4.47,262,5943,0,0,0,4.55,6,4,0.592,13,0.104,60.7,12,37.0,36.6,1
TB001095,Blue Plus,2017-05-28,3375,SJU,253,2,3,3,13,341.7,4447.34,Blue,0.203,9,0.692,0.434,0.088,11973,471,5.23,171,2069,0,0,0,4.52,3,1,0.175,4,0.295,71.9,36,44.5,50.8,1
TB001096,Blue,2022-01-08,1689,FLL,105,1,1,2,7,303.94,1837.84,Blue Basic,0.218,6,0.857,0.215,0.144,16270,1825,20.28,114,0,0,1,0,2.6,5,2,0.47,8,0.253,88.3,24,18.4,43.6,0
TB001097,Blue,2023-08-31,1089,FLL,17,2,2,2,5,301.09,1442.18,Blue Basic,0.055,9,1.0,0.307,0.172,12368,1435,15.94,36,11785,0,0,0,4.58,4,3,0.859,16,0.647,98.1,24,14.4,45.5,0
TB001098,Blue Plus,2020-02-23,2374,BOS,377,2,2,4,8,227.69,2057.36,Blue Basic,0.113,3,0.375,0.4,0.173,13222,690,7.67,430,13323,0,0,0,4.72,7,2,0.231,7,0.34,58.1,48,20.6,42.2,1
TB001099,Blue Plus,2019-10-12,2508,BOS,105,3,3,7,13,225.09,3116.61,Blue,0.229,3,0.231,0.422,0.073,2232,4464,49.6,868,9328,1,0,0,4.1,4,2,0.402,22,0.529,88.3,84,31.2,67.8,0
TB001100,Blue Plus,2020-02-04,2393,LAX,365,1,2,4,15,420.34,5967.45,Blue,0.408,4,0.267,0.176,0.187,22426,1748,19.42,413,12284,0,0,0,4.18,5,0,0.0,14,0.365,59.4,48,59.7,55.7,1
TB001101,Blue Plus,2017-12-06,3183,BOS,416,2,2,2,8,189.96,1618.63,Blue Basic,0.628,2,0.25,0.4,0.112,2640,0,0.0,50,3175,0,1,0,1.33,8,2,0.19,10,0.093,53.8,24,16.2,31.3,1
TB001102,Blue,2021-09-24,1795,JFK,2,0,0,4,4,102.95,403.26,Blue Basic,0.309,1,0.25,0.285,0.082,15933,232,2.58,1000,8324,0,1,0,4.17,5,1,0.211,0,0.344,99.8,48,4.0,50.6,0
TB001103,Blue,2019-08-18,2563,JFK,9,2,5,9,30,481.26,15517.87,Blue,0.131,5,0.167,0.284,0.268,28709,2474,27.49,9,14477,0,0,0,4.26,3,1,0.196,11,0.576,99.0,100,100,99.7,0
TB001104,Blue,2018-03-20,3079,BOS,15,0,0,3,10,289.52,3123.69,Blue,0.42,3,0.3,0.403,0.223,3372,2085,23.17,187,0,0,0,0,4.36,5,2,0.312,1,0.0,98.3,36,31.2,55.2,0
TB001105,Mosaic,2018-10-21,2864,JFK,43,4,8,9,24,338.97,8834.81,Blue Extra,0.29,9,0.375,0.29,0.066,12549,3893,43.26,2,12690,0,0,0,4.22,4,2,0.527,17,0.486,95.2,100,88.3,94.5,0
TB001106,Blue,2020-12-06,2087,LAX,15,1,4,5,18,331.26,6006.64,Blue,0.335,2,0.111,0.436,0.039,21458,1748,19.42,1000,615,1,0,0,4.96,5,0,0.0,4,0.12,98.3,60,60.1,72.8,1
TB001107,Blue,2016-03-17,3812,FLL,38,0,3,4,19,346.57,7101.76,Blue,0.189,5,0.263,0.484,0.184,4510,2753,30.59,1000,15583,0,0,0,3.92,6,2,0.259,0,0.424,95.8,48,71.0,71.6,0
TB001108,Blue Plus,2015-08-07,4035,JFK,185,1,1,5,19,237.76,4516.27,Blue,0.388,8,0.421,0.662,0.156,7045,2473,27.48,155,1734,0,0,0,4.34,4,3,0.74,17,0.118,79.4,60,45.2,61.5,0
TB001109,Blue,2018-10-15,2870,LAX,208,0,1,1,1,118.86,134.87,Blue Extra,0.504,1,1.0,0.379,0.133,1463,575,6.39,216,0,0,2,0,3.36,4,1,0.129,0,0.033,76.9,12,1.3,30.1,1
TB001110,Blue,2017-11-17,3202,LAX,173,1,1,4,15,295.51,4603.34,Blue Extra,0.264,6,0.4,0.463,0.063,9417,642,7.13,6,579,0,2,1,2.77,3,1,0.189,23,0.123,80.8,48,46.0,58.3,1
TB001111,Blue,2020-10-05,2149,MCO,95,1,2,2,9,283.15,2906.01,Blue,0.141,6,0.667,0.335,0.073,8635,2378,26.42,283,10700,0,1,0,4.33,5,1,0.26,4,0.369,89.4,24,29.1,47.5,0
TB001112,Blue,2025-04-28,483,FLL,1,2,7,10,14,507.34,7542.83,Blue Extra,0.182,8,0.571,0.229,0.203,23484,2296,25.51,26,15448,0,2,0,3.21,6,3,0.541,42,0.678,99.9,100,75.4,91.8,0
TB001113,Blue,2025-09-23,335,LAX,462,4,6,6,8,221.07,1643.59,Blue,0.297,5,0.625,0.369,0.122,13247,1733,19.26,204,341,0,1,0,3.15,3,1,0.461,15,0.157,48.7,72,16.4,45.7,1
TB001114,Blue,2016-01-15,3874,BOS,37,2,4,4,16,353.35,5350.73,Blue Extra,0.098,7,0.438,0.269,0.14,5113,5137,57.08,461,2167,0,0,0,4.28,6,0,0.044,14,0.488,95.9,48,53.5,65.8,0
TB001115,Blue,2016-01-06,3883,MCO,235,2,2,2,18,346.76,5646.85,Blue Extra,0.199,6,0.333,0.293,0.132,9136,2325,25.83,155,0,0,0,0,4.68,5,2,0.377,7,0.557,73.9,24,56.5,51.5,0
TB001116,Blue,2016-07-25,3682,JFK,14,3,7,9,30,407.34,13329.71,Blue,0.152,7,0.233,0.39,0.093,3427,3598,39.98,22,12646,0,0,0,4.34,8,4,0.538,40,0.637,98.4,100,100,99.5,0
TB001117,Blue,2018-09-08,2907,JFK,467,1,1,1,9,246.31,2058.72,Blue Basic,0.327,4,0.444,0.44,0.299,0,94,1.04,88,399,0,0,0,4.8,5,2,0.375,3,0.205,48.1,12,20.6,26.9,1
TB001118,Blue,2020-07-29,2217,JFK,43,1,1,3,28,282.38,8114.48,Blue Basic,0.6,7,0.25,0.107,0.19,8351,4637,51.52,52,16708,0,1,0,4.67,7,5,0.718,36,0.677,95.2,36,81.1,70.8,0
TB001119,Blue,2017-07-18,3324,BOS,620,1,2,2,10,389.4,3776.65,Blue Basic,0.399,4,0.4,0.218,0.088,11896,336,3.73,414,8566,1,1,0,3.72,6,3,0.523,6,0.323,31.1,24,37.8,31.0,1
TB001120,Blue,2026-06-20,65,LAX,9,2,4,5,21,378.71,8798.28,Mint,0.478,9,0.429,0.289,0.143,11479,561,6.23,380,22490,0,1,0,3.54,8,5,0.57,9,0.431,99.0,60,88.0,82.3,0
TB001121,Blue,2021-12-23,1705,BOS,321,0,0,4,4,202.85,817.79,Blue Basic,0.423,1,0.25,0.46,0.245,9455,0,0.0,180,2981,0,2,0,3.93,5,1,0.249,12,0.071,64.3,48,8.2,40.2,1
TB001122,Blue,2014-10-08,4338,LAX,403,1,1,1,15,277.26,4063.11,Blue Extra,0.34,3,0.2,0.34,0.244,4595,3196,35.51,95,10547,0,0,0,4.18,5,1,0.27,0,0.461,55.2,12,40.6,35.9,1
TB001123,Blue,2023-07-06,1145,MCO,236,0,4,6,20,298.71,5818.23,Mint,0.205,6,0.3,0.277,0.203,0,1316,14.62,181,3095,0,0,0,3.85,7,1,0.154,21,0.121,73.8,72,58.2,68.0,1
TB001124,Blue,2018-03-21,3078,BOS,65,0,0,0,4,267.02,1000.3,Blue,0.353,2,0.5,0.333,0.14,14686,1900,21.11,106,0,0,3,0,2.92,8,0,0.0,16,0.531,92.8,0,10.0,34.3,0
TB001125,Blue Plus,2017-01-01,3522,BOS,20,4,4,8,28,414.79,11914.19,Blue,0.304,7,0.25,0.265,0.176,17424,2854,31.71,24,13493,0,0,0,4.96,5,2,0.456,10,0.564,97.8,96,100,97.9,0
TB001126,Blue Plus,2018-04-25,3043,LAX,4,2,7,12,27,385.51,9905.98,Mint,0.143,9,0.333,0.249,0.239,13168,5922,65.8,77,16800,0,0,0,4.05,7,5,0.737,18,0.323,99.6,100,99.1,99.6,0
TB001127,Blue,2017-04-07,3426,LAX,303,1,1,1,7,387.86,2780.61,Blue Basic,0.071,6,0.857,0.391,0.236,7488,2649,29.43,152,4217,0,1,0,2.6,4,1,0.33,19,0.511,66.3,12,27.8,35.4,1
TB001128,Blue,2021-02-14,2017,SJU,42,1,1,2,21,242.19,5156.67,Blue,0.293,6,0.286,0.209,0.248,16865,3389,37.66,12,11664,0,0,0,4.67,7,6,0.79,18,0.397,95.3,24,51.6,57.0,0
TB001129,Blue,2016-11-04,3580,MCO,30,3,6,7,18,380.87,6747.78,Blue Basic,0.057,1,0.056,0.254,0.138,19211,1298,14.42,285,1163,0,1,0,3.54,4,2,0.398,7,0.47,96.7,84,67.5,82.7,0
TB001130,Blue,2024-06-26,789,MCO,197,2,2,4,12,403.8,4564.97,Blue Extra,0.248,8,0.667,0.371,0.015,13790,123,1.37,105,7883,0,2,0,2.57,5,1,0.162,9,0.46,78.1,48,45.6,57.2,0
TB001131,Blue,2019-08-03,2578,SJU,20,1,2,2,8,216.9,1887.81,Blue,0.265,4,0.5,0.288,0.225,7889,1975,21.94,279,7557,0,1,0,3.54,2,1,0.476,0,0.279,97.8,24,18.9,46.9,0
TB001132,Blue,2017-11-06,3213,FLL,397,1,4,6,7,174.68,1347.4,Blue,0.339,2,0.286,0.334,0.252,16381,3385,37.61,83,4974,0,2,0,2.85,11,1,0.125,2,0.021,55.9,72,13.5,47.1,1
TB001133,Blue Plus,2014-11-19,4296,JFK,11,2,6,7,26,437.92,12410.94,Blue Extra,0.136,5,0.192,0.247,0.053,19491,1873,20.81,90,3514,0,0,0,5.0,6,2,0.358,31,0.666,98.8,84,100,94.3,0
TB001134,Blue,2017-01-17,3506,LAX,146,2,3,6,17,364.46,5949.81,Blue Basic,0.406,4,0.235,0.373,0.102,15228,2201,24.46,850,0,1,0,0,4.81,7,3,0.491,12,0.3,83.8,72,59.5,71.8,1
TB001135,Blue,2018-10-08,2877,MCO,338,0,0,2,8,314.65,2783.18,Blue,0.091,3,0.375,0.544,0.071,7848,0,0.0,741,9471,0,0,0,4.68,8,0,0.0,0,0.271,62.4,24,27.8,38.1,1
TB001136,Blue Plus,2024-06-01,814,LAX,413,2,4,4,15,391.07,5062.2,Blue,0.285,6,0.4,0.199,0.289,8403,184,2.04,49,11678,0,0,0,4.44,5,3,0.563,7,0.407,54.1,48,50.6,50.9,0
TB001137,Blue,2024-06-02,813,SJU,6,2,5,6,11,445.13,5436.04,Blue,0.0,8,0.727,0.375,0.166,25906,4379,48.66,6,14336,0,0,0,4.07,7,4,0.506,33,0.641,99.3,72,54.4,75.2,0
TB001138,Blue Plus,2016-07-16,3691,JFK,5,4,5,9,19,345.86,5757.13,Blue,0.119,7,0.368,0.386,0.198,19540,3188,35.42,69,1950,0,0,0,4.77,7,2,0.353,17,0.346,99.4,100,57.6,85.7,0
TB001139,Mosaic,2021-02-19,2012,JFK,290,2,4,7,11,264.88,3315.91,Blue Extra,0.485,1,0.091,0.317,0.143,4830,646,7.18,894,6629,1,0,0,3.73,5,0,0.0,10,0.278,67.8,84,33.2,61.7,1
TB001140,Blue Plus,2022-05-10,1567,JFK,206,1,2,6,6,341.07,2190.13,Blue Extra,0.574,4,0.667,0.242,0.279,17632,510,5.67,48,11882,0,0,0,4.53,7,3,0.428,20,0.162,77.1,72,21.9,57.0,0
TB001141,Blue Plus,2019-02-22,2740,BOS,20,0,2,4,15,189.27,2688.29,Blue,0.0,5,0.333,0.431,0.167,11194,4726,52.51,229,8537,0,1,0,4.44,6,3,0.42,0,0.476,97.8,48,26.9,57.6,0
TB001142,Mosaic,2020-03-30,2338,JFK,6,4,4,7,18,373.99,7310.0,Blue Basic,0.316,7,0.389,0.409,0.183,15502,575,6.39,5,21147,0,0,0,4.54,7,6,0.914,12,0.598,99.3,84,73.1,85.5,0
TB001143,Blue,2018-03-05,3094,BOS,86,1,1,2,5,239.06,1281.18,Mint,0.297,3,0.6,0.531,0.136,8647,0,0.0,218,6802,0,0,0,4.21,5,1,0.142,1,0.379,90.4,24,12.8,42.4,1
TB001144,Blue Plus,2015-05-12,4122,SJU,41,3,5,7,24,473.56,11806.92,Mint,0.395,5,0.208,0.099,0.07,17915,3674,40.82,24,17292,0,0,0,4.14,7,2,0.276,29,0.288,95.4,84,100,93.1,0
TB001145,Blue Plus,2023-04-07,1235,BOS,115,0,0,0,0,326.44,373.27,Blue Extra,0.142,1,1.0,0.443,0.209,11077,1239,13.77,32,17526,0,1,0,3.28,6,1,0.094,0,0.288,87.2,0,3.7,30.3,0
TB001146,Blue,2016-01-31,3858,BOS,104,3,3,6,27,411.54,12541.86,Blue Extra,0.109,5,0.185,0.454,0.01,19548,2884,32.04,33,2954,0,0,0,3.68,5,4,0.808,26,0.404,88.4,72,100,86.8,0
TB001147,Blue,2017-07-26,3316,FLL,108,1,2,5,10,263.04,2865.68,Blue,0.547,4,0.4,0.584,0.187,14414,1413,15.7,49,0,0,2,0,2.45,4,1,0.16,12,0.122,88.0,60,28.7,58.9,0
TB001148,Blue Plus,2025-07-23,397,BOS,31,2,4,4,5,310.97,1542.2,Blue,0.277,7,1.0,0.21,0.156,2735,2842,31.58,26,6263,0,0,0,4.86,3,1,0.309,9,0.436,96.6,48,15.4,53.3,0
TB001149,Blue Plus,2021-04-16,1956,JFK,175,2,3,3,8,283.59,1983.03,Blue Basic,0.185,1,0.125,0.311,0.118,5060,2624,29.16,228,0,0,0,0,4.25,5,1,0.251,10,0.198,80.6,36,19.8,45.5,0
TB001150,Blue,2021-09-14,1805,JFK,38,3,3,5,14,320.52,4131.11,Blue Extra,0.316,10,0.714,0.468,0.24,19853,0,0.0,20,7816,0,0,0,4.12,5,4,0.701,9,0.507,95.8,60,41.3,65.7,0
TB001151,Blue,2022-11-10,1383,BOS,35,1,1,3,3,364.75,932.76,Blue Basic,0.128,3,1.0,0.208,0.246,9769,1023,11.37,649,4640,1,0,0,4.59,5,2,0.331,14,0.465,96.1,36,9.3,47.1,0
TB001152,Blue Plus,2019-05-28,2645,LAX,284,2,5,8,17,334.71,5839.62,Blue Extra,0.198,6,0.353,0.156,0.137,17560,4310,47.89,288,3085,0,0,0,3.78,8,3,0.415,19,0.586,68.4,96,58.4,74.3,1
TB001153,Blue,2016-03-26,3803,JFK,15,2,3,7,28,356.53,11248.88,Blue,0.162,11,0.393,0.36,0.121,15320,6313,70.14,46,8091,0,0,0,4.61,7,4,0.514,17,0.668,98.3,84,100,94.1,0
TB001154,Blue,2024-12-21,611,BOS,294,0,0,0,0,156.05,139.93,Blue Extra,0.266,1,1.0,0.454,0.137,0,0,0.0,907,2748,0,2,0,3.2,6,0,0.0,2,0.0,67.3,0,1.4,22.9,1
TB001155,Blue,2020-02-22,2375,MCO,12,0,3,8,16,408.24,6367.68,Blue Basic,0.551,4,0.25,0.3,0.201,9198,4412,49.02,18,5928,0,0,0,5.0,6,4,0.686,20,0.452,98.7,96,63.7,86.1,0
TB001156,Blue,2025-03-04,538,BOS,97,1,3,4,4,299.16,1035.32,Blue Basic,0.297,3,0.75,0.499,0.183,18552,2585,28.72,11,14410,0,0,0,4.51,5,4,0.76,34,0.676,89.2,48,10.4,49.2,0
TB001157,Blue,2017-08-10,3301,MCO,171,3,4,7,25,296.79,8430.92,Blue,0.302,7,0.28,0.246,0.18,17451,2105,23.39,41,19908,0,0,0,5.0,7,3,0.359,0,0.35,81.0,84,84.3,83.1,0
TB001158,Blue,2018-03-12,3087,BOS,140,0,0,0,10,215.02,1937.45,Blue Extra,0.414,2,0.2,0.308,0.112,4450,745,8.28,159,4829,0,1,0,3.63,8,1,0.101,19,0.489,84.4,0,19.4,34.6,0
TB001159,Blue,2020-03-08,2360,LAX,17,1,5,5,14,322.18,4443.17,Blue Extra,0.364,8,0.571,0.312,0.068,21757,2247,24.97,108,1600,0,1,0,3.62,4,2,0.564,27,0.596,98.1,60,44.4,67.5,0
TB001160,Blue,2019-03-26,2708,JFK,48,2,4,8,21,376.33,8872.28,Blue,0.268,4,0.19,0.393,0.127,23829,3992,44.36,4,16874,0,0,0,4.99,3,2,0.711,16,0.647,94.7,96,88.7,93.1,0
TB001161,Blue,2026-04-15,131,FLL,208,0,1,1,3,349.86,1154.63,Blue,0.359,5,1.0,0.241,0.324,24074,1227,13.63,37,60,0,0,0,4.92,6,1,0.189,15,0.564,76.9,12,11.5,33.5,1
TB001162,Blue Plus,2015-07-01,4072,JFK,127,0,0,2,14,269.84,4204.47,Blue Extra,0.225,3,0.214,0.247,0.173,11612,0,0.0,16,3833,0,2,1,3.5,2,1,0.477,7,0.282,85.9,24,42.0,50.6,0
TB001163,Blue,2023-04-28,1214,MCO,633,2,2,4,4,390.83,1533.71,Blue Extra,0.477,4,1.0,0.235,0.099,16957,0,0.0,716,4798,0,0,0,4.41,4,0,0.097,0,0.487,29.7,48,15.3,31.0,1
TB001164,Blue,2018-01-05,3153,MCO,269,0,0,0,0,155.17,154.15,Mint,0.432,2,1.0,0.191,0.292,6944,0,0.0,271,0,0,1,1,3.58,7,0,0.0,0,0.22,70.1,0,1.5,23.9,1
TB001165,Blue Plus,2016-01-29,3860,LAX,232,0,6,7,25,314.89,6705.89,Blue,0.541,3,0.12,0.261,0.058,14694,661,7.34,285,438,0,1,0,2.58,7,3,0.4,30,0.509,74.2,84,67.1,75.1,0
TB001166,Blue,2020-10-17,2137,SJU,88,0,1,5,5,188.61,857.08,Blue Extra,0.341,3,0.6,0.265,0.102,11525,1447,16.08,393,0,0,3,0,3.08,5,0,0.0,6,0.224,90.2,60,8.6,52.9,1
TB001167,Blue,2016-12-11,3543,MCO,183,3,7,9,20,267.47,5335.34,Blue,0.333,5,0.25,0.341,0.233,9637,0,0.0,291,0,0,1,1,3.24,1,0,0.419,7,0.256,79.7,100,53.4,77.7,0
TB001168,Blue Plus,2024-10-07,686,SJU,559,1,2,2,2,197.37,447.38,Blue,0.113,4,1.0,0.564,0.012,15898,2789,30.99,212,0,0,3,0,3.86,2,0,0.115,6,0.0,37.9,24,4.5,22.1,1
TB001169,Blue Plus,2024-03-16,891,JFK,14,0,3,7,15,310.99,4433.0,Mint,0.372,6,0.4,0.567,0.175,11988,3136,34.84,1,10591,0,0,0,5.0,5,2,0.403,3,0.722,98.4,84,44.3,75.6,0
TB001170,Blue Plus,2020-11-22,2101,BOS,4,2,2,3,18,378.9,6760.01,Blue,0.262,5,0.278,0.318,0.257,2143,3098,34.42,1,1214,0,0,0,4.39,8,3,0.375,9,0.445,99.6,36,67.6,67.7,0
TB001171,Blue Plus,2025-08-04,385,BOS,6,1,5,7,8,305.81,2294.04,Blue Basic,0.278,7,0.875,0.292,0.131,10718,0,0.0,1000,5603,1,0,0,4.91,5,3,0.54,1,0.407,99.3,84,22.9,68.7,0
TB001172,Blue,2024-11-04,658,BOS,172,0,1,1,1,245.06,274.92,Blue Extra,0.114,4,1.0,0.559,0.071,11988,3222,35.8,271,8151,0,1,0,2.47,5,0,0.049,1,0.306,80.9,12,2.7,31.9,1
TB001173,Blue,2021-07-10,1871,MCO,76,2,2,7,10,389.97,4284.64,Blue,0.304,3,0.3,0.322,0.248,16899,2506,27.84,385,3995,0,0,0,4.27,8,4,0.471,26,0.719,91.6,84,42.8,72.8,0
TB001174,Blue,2015-02-16,4207,MCO,150,2,3,3,10,362.01,3859.34,Blue Basic,0.507,2,0.2,0.367,0.045,2535,2364,26.27,91,11690,0,1,0,4.26,2,2,0.831,10,0.281,83.3,36,38.6,52.6,0
TB001175,Mosaic,2018-08-07,2939,JFK,15,4,9,13,23,446.13,10935.1,Blue Extra,0.16,6,0.261,0.08,0.208,9553,2960,32.89,36,0,0,0,0,4.85,4,3,0.691,0,0.669,98.3,100,100,99.4,0
TB001176,Blue,2024-03-10,897,BOS,6,1,2,2,8,304.85,2635.63,Blue,0.0,5,0.625,0.37,0.084,17440,2942,32.69,229,5622,0,0,0,4.67,5,4,0.709,0,0.544,99.3,24,26.4,49.9,0
TB001177,Blue,2024-09-23,700,BOS,67,0,1,1,1,366.85,417.61,Blue Basic,0.286,6,1.0,0.539,0.221,16413,1030,11.44,179,8760,0,1,0,3.42,2,0,0.139,2,0.252,92.6,12,4.2,36.3,0
TB001178,Blue Plus,2018-02-16,3111,LAX,162,0,0,0,12,221.0,2899.33,Blue Basic,0.346,7,0.583,0.376,0.095,21018,1168,12.98,153,0,0,0,0,4.98,4,1,0.224,23,0.369,82.0,0,29.0,37.0,1
TB001179,Blue Plus,2014-09-26,4350,JFK,22,4,8,11,35,350.81,10937.18,Blue Basic,0.187,9,0.257,0.372,0.117,19836,2620,29.11,13,21665,0,0,0,4.78,6,4,0.617,33,0.568,97.6,100,100,99.2,0
TB001180,Blue Plus,2018-01-05,3153,BOS,2,0,3,3,14,306.16,3820.85,Blue Basic,0.187,5,0.357,0.447,0.182,16927,2967,32.97,117,10195,0,0,0,4.75,7,2,0.298,15,0.299,99.8,36,38.2,58.0,0
TB001181,Mosaic,2025-10-28,300,SJU,8,2,3,3,3,287.34,972.56,Blue,0.478,5,1.0,0.412,0.056,12215,1361,15.12,79,12982,0,1,0,3.32,9,2,0.182,9,0.433,99.1,36,9.7,48.3,0
TB001182,Blue,2024-08-26,728,SJU,119,0,0,3,7,195.04,1558.29,Blue,0.489,4,0.571,0.403,0.164,9807,0,0.0,765,312,0,2,1,2.42,7,0,0.067,8,0.186,86.8,36,15.6,46.1,1
TB001183,Blue,2019-02-02,2760,BOS,89,1,1,6,14,325.46,4552.44,Blue,0.445,7,0.5,0.391,0.079,16548,0,0.0,404,4849,0,1,0,3.12,6,4,0.613,7,0.394,90.1,72,45.5,69.2,1
TB001184,Mosaic,2016-12-25,3529,SJU,48,2,2,5,17,350.1,5590.4,Blue,0.449,5,0.294,0.425,0.015,7699,2781,30.9,179,12490,0,0,0,5.0,3,1,0.358,9,0.409,94.7,60,55.9,70.2,0
TB001185,Mosaic,2020-11-11,2112,MCO,16,2,4,5,17,448.53,6693.04,Blue,0.0,4,0.235,0.457,0.238,18140,3682,40.91,43,8743,0,0,0,4.09,2,1,0.747,24,0.638,98.2,60,66.9,75.0,0
TB001186,Blue,2021-09-07,1812,LAX,239,2,3,3,9,264.28,2502.67,Blue,0.365,5,0.556,0.473,0.116,10009,1744,19.38,482,0,1,1,0,2.59,4,1,0.181,24,0.187,73.4,36,25.0,44.8,1
TB001187,Blue,2018-08-16,2930,BOS,183,0,3,8,19,281.06,5939.43,Blue,0.41,3,0.158,0.331,0.053,17860,3329,36.99,138,12191,0,0,0,4.28,5,4,0.752,1,0.407,79.7,96,59.4,78.4,0
TB001188,Blue,2020-06-30,2246,BOS,60,0,3,5,5,334.66,1472.15,Blue Basic,0.155,6,1.0,0.459,0.134,19373,661,7.34,411,0,1,0,0,4.55,4,0,0.093,0,0.47,93.3,60,14.7,56.0,1
TB001189,Blue,2023-07-17,1134,BOS,172,1,1,1,1,221.66,234.91,Blue Basic,0.352,1,1.0,0.423,0.282,2569,0,0.0,103,0,0,2,1,3.01,4,0,0.111,1,0.217,80.9,12,2.3,31.7,1
TB001190,Blue Plus,2020-10-15,2139,BOS,25,3,6,8,23,328.73,8212.45,Mint,0.357,5,0.217,0.586,0.222,12692,2808,31.2,3,12469,0,1,0,4.56,6,5,0.821,18,0.523,97.2,96,82.1,91.8,0
TB001191,Blue,2021-05-04,1938,JFK,700,0,0,0,0,201.97,229.02,Mint,0.33,1,1.0,0.511,0.065,2456,0,0.0,975,0,0,3,1,3.33,8,3,0.316,2,0.0,22.2,0,2.3,8.2,1
TB001192,Blue,2015-11-08,3942,JFK,164,2,2,3,22,320.09,6503.93,Mint,0.188,3,0.136,0.406,0.19,18343,0,0.0,379,13780,0,0,0,4.14,6,1,0.195,15,0.349,81.8,36,65.0,60.9,0
TB001193,Blue Plus,2014-10-09,4337,JFK,507,0,1,1,10,250.23,2254.05,Blue Extra,0.25,8,0.8,0.488,0.178,567,262,2.91,147,511,0,0,0,4.23,8,1,0.15,4,0.037,43.7,12,22.5,26.1,1
TB001194,Blue Plus,2025-08-06,383,BOS,95,3,5,5,5,230.53,1023.99,Blue Basic,0.15,5,1.0,0.307,0.269,22041,2451,27.23,563,3401,0,0,0,5.0,4,1,0.145,0,0.438,89.4,60,10.2,53.2,1
TB001195,Blue,2022-03-24,1614,JFK,14,1,2,3,3,424.07,1443.01,Blue Extra,0.138,8,1.0,0.112,0.211,5432,1874,20.82,47,0,0,0,0,5.0,4,3,0.748,13,0.324,98.4,36,14.4,49.6,0
TB001196,Blue,2024-08-20,734,SJU,147,3,4,6,6,439.07,2637.58,Blue,0.123,5,0.833,0.378,0.239,20519,3501,38.9,63,12761,0,0,0,4.48,4,2,0.416,9,0.73,83.7,72,26.4,60.7,0
TB001197,Blue,2016-09-23,3622,FLL,1,0,2,3,11,311.73,3739.5,Blue Extra,0.112,6,0.545,0.606,0.135,12093,787,8.74,14,14545,0,1,0,2.4,1,0,0.483,23,0.501,99.9,36,37.4,57.8,0
TB001198,Blue Plus,2018-05-25,3013,BOS,39,2,5,8,21,276.74,5535.05,Blue,0.376,3,0.143,0.305,0.183,8585,2789,30.99,126,12996,0,1,0,4.21,2,0,0.141,16,0.137,95.7,96,55.4,82.4,0
TB001199,Blue,2021-12-15,1713,LAX,6,3,7,7,18,344.92,6495.83,Blue Basic,0.041,7,0.389,0.215,0.069,25498,3479,38.66,38,0,0,0,0,4.44,2,1,0.56,20,0.58,99.3,84,65.0,82.8,0
TB001200,Blue,2021-03-11,1992,BOS,759,2,3,3,17,359.63,6092.07,Blue,0.361,4,0.235,0.518,0.214,18267,0,0.0,56,12270,0,0,0,4.56,6,1,0.19,18,0.228,15.7,36,60.9,37.5,1
